Bias Category,Bias Type,Business as victim,Case Type,Location Type,Open Data Case Number,Primary Offense Type,Report Month/Year,Suspect Age,Suspect Gender,Suspect Race,Victim Age,Victim Gender,Victim Race,Victim Suspect Relationship
,,,BIAS UNFOUNDED,,6e+2016e+10,,January 2016,,,,,,,
,,,BIAS UNFOUNDED,,10717107779,,April 2017,,,,,,,
,,,BIAS UNFOUNDED,,10918109015,,April 2018,,,,,,,
,,,BIAS UNFOUNDED,,11102011167,,January 2020,,,,,,,
,,,BIAS UNFOUNDED,,11319113015,,April 2019,,,,,,,
,,,BIAS UNFOUNDED,,11401611466,,January 2016,,,,,,,
,,,BIAS UNFOUNDED,,11815118547,,April 2015,,,,,,,
,,,BIAS UNFOUNDED,,11817118756,,April 2017,,,,,,,
,,,BIAS UNFOUNDED,,12017120510,,April 2017,,,,,,,
,,,BIAS UNFOUNDED,,12519125777,,April 2019,,,,,,,
,,,BIAS UNFOUNDED,,12601912695,,January 2019,,,,,,,
,,,BIAS UNFOUNDED,,12619126485,,April 2019,,,,,,,
,,,BIAS UNFOUNDED,,12719127960,,April 2019,,,,,,,
,,,BIAS UNFOUNDED,,13817138958,,May 2017,,,,,,,
,,,BIAS UNFOUNDED,,14117141110,,May 2017,,,,,,,
,,,BIAS UNFOUNDED,,14118141120,,April 2018,,,,,,,
,,,BIAS UNFOUNDED,,14217142454,,May 2017,,,,,,,
,,,BIAS UNFOUNDED,,14419144289,,May 2019,,,,,,,
,,,BIAS UNFOUNDED,,14917149030,,May 2017,,,,,,,
,,,BIAS UNFOUNDED,,14919149038,,May 2019,,,,,,,
,,,BIAS UNFOUNDED,,15217152540,,May 2017,,,,,,,
,,,BIAS UNFOUNDED,,15717157872,,May 2017,,,,,,,
,,,BIAS UNFOUNDED,,15901615958,,January 2016,,,,,,,
,,,BIAS UNFOUNDED,,16017160273,,May 2017,,,,,,,
,,,BIAS UNFOUNDED,,16119161551,,May 2019,,,,,,,
,,,BIAS UNFOUNDED,,16219162996,,May 2019,,,,,,,
,,,BIAS UNFOUNDED,,16319163965,,May 2019,,,,,,,
,,,BIAS UNFOUNDED,,16517165581,,May 2017,,,,,,,
,,,BIAS UNFOUNDED,,17017170511,,June 2017,,,,,,,
,,,BIAS UNFOUNDED,,17717177901,,June 2017,,,,,,,
,,,BIAS UNFOUNDED,,17718177906,,May 2018,,,,,,,
,,,BIAS UNFOUNDED,,17915179955,,May 2015,,,,,,,
,,,BIAS UNFOUNDED,,18017180175,,June 2017,,,,,,,
,,,BIAS UNFOUNDED,,18118181963,,May 2018,,,,,,,
,,,BIAS UNFOUNDED,,18419184166,,June 2019,,,,,,,
,,,BIAS UNFOUNDED,,18519185377,,June 2019,,,,,,,
,,,BIAS UNFOUNDED,,18617186965,,June 2017,,,,,,,
,,,BIAS UNFOUNDED,,18816188555,,June 2016,,,,,,,
,,,BIAS UNFOUNDED,,18817188995,,June 2017,,,,,,,
,,,BIAS UNFOUNDED,,18818188033,,June 2018,,,,,,,
,,,BIAS UNFOUNDED,,18818188226,,June 2018,,,,,,,
,,,BIAS UNFOUNDED,,19217192689,,June 2017,,,,,,,
,,,BIAS UNFOUNDED,,19519195074,,June 2019,,,,,,,
,,,BIAS UNFOUNDED,,19519195861,,June 2019,,,,,,,
,,,BIAS UNFOUNDED,,19718197848,,June 2018,,,,,,,
,,,BIAS UNFOUNDED,,19815198134,,June 2015,,,,,,,
,,,BIAS UNFOUNDED,,20118201513,,June 2018,,,,,,,
,,,BIAS UNFOUNDED,,20218202037,,June 2018,,,,,,,
,,,BIAS UNFOUNDED,,20317203209,,June 2017,,,,,,,
,,,BIAS UNFOUNDED,,20418204225,,June 2018,,,,,,,
,,,BIAS UNFOUNDED,,20619206615,,June 2019,,,,,,,
,,,BIAS UNFOUNDED,,20918209059,,June 2018,,,,,,,
,,,BIAS UNFOUNDED,,21218212462,,June 2018,,,,,,,
,,,BIAS UNFOUNDED,,21402021474,,January 2020,,,,,,,
,,,BIAS UNFOUNDED,,21518215635,,June 2018,,,,,,,
,,,BIAS UNFOUNDED,,21717217241,,July 2017,,,,,,,
,,,BIAS UNFOUNDED,,21917219320,,July 2017,,,,,,,
,,,BIAS UNFOUNDED,,22317223457,,July 2017,,,,,,,
,,,BIAS UNFOUNDED,,22419224942,,July 2019,,,,,,,
,,,BIAS UNFOUNDED,,22717227035,,July 2017,,,,,,,
,,,BIAS UNFOUNDED,,23119231821,,July 2019,,,,,,,
,,,BIAS UNFOUNDED,,23317233248,,July 2017,,,,,,,
,,,BIAS UNFOUNDED,,23319233697,,July 2019,,,,,,,
,,,BIAS UNFOUNDED,,23417234141,,July 2017,,,,,,,
,,,BIAS UNFOUNDED,,23817238391,,July 2017,,,,,,,
,,,BIAS UNFOUNDED,,23818238391,,July 2018,,,,,,,
,,,BIAS UNFOUNDED,,24001724003,,January 2017,,,,,,,
,,,BIAS UNFOUNDED,,24018240144,,July 2018,,,,,,,
,,,BIAS UNFOUNDED,,24119241656,,July 2019,,,,,,,
,,,BIAS UNFOUNDED,,24217242566,,July 2017,,,,,,,
,,,BIAS UNFOUNDED,,24501624566,,January 2016,,,,,,,
,,,BIAS UNFOUNDED,,25117251108,,August 2017,,,,,,,
,,,BIAS UNFOUNDED,,25317253947,,August 2017,,,,,,,
,,,BIAS UNFOUNDED,,25517255416,,August 2017,,,,,,,
,,,BIAS UNFOUNDED,,25901825938,,January 2018,,,,,,,
,,,BIAS UNFOUNDED,,25917259965,,August 2017,,,,,,,
,,,BIAS UNFOUNDED,,26218262971,,August 2018,,,,,,,
,,,BIAS UNFOUNDED,,26316263089,,August 2016,,,,,,,
,,,BIAS UNFOUNDED,,26418264142,,August 2018,,,,,,,
,,,BIAS UNFOUNDED,,26418264988,,August 2018,,,,,,,
,,,BIAS UNFOUNDED,,26616266883,,August 2016,,,,,,,
,,,BIAS UNFOUNDED,,26616266965,,August 2016,,,,,,,
,,,BIAS UNFOUNDED,,26619266129,,August 2019,,,,,,,
,,,BIAS UNFOUNDED,,26719267634,,August 2019,,,,,,,
,,,BIAS UNFOUNDED,,26817268165,,August 2017,,,,,,,
,,,BIAS UNFOUNDED,,26819268668,,August 2019,,,,,,,
,,,BIAS UNFOUNDED,,27118271698,,August 2018,,,,,,,
,,,BIAS UNFOUNDED,,27119271241,,August 2019,,,,,,,
,,,BIAS UNFOUNDED,,27318273019,,August 2018,,,,,,,
,,,BIAS UNFOUNDED,,27318273034,,August 2018,,,,,,,
,,,BIAS UNFOUNDED,,27517275446,,August 2017,,,,,,,
,,,BIAS UNFOUNDED,,27619276690,,August 2019,,,,,,,
,,,BIAS UNFOUNDED,,27715277489,,August 2015,,,,,,,
,,,BIAS UNFOUNDED,,27717277159,,August 2017,,,,,,,
,,,BIAS UNFOUNDED,,27918279826,,August 2018,,,,,,,
,,,BIAS UNFOUNDED,,27919279655,,August 2019,,,,,,,
,,,BIAS UNFOUNDED,,28318283562,,August 2018,,,,,,,
,,,BIAS UNFOUNDED,,28417284256,,August 2017,,,,,,,
,,,BIAS UNFOUNDED,,28618286281,,August 2018,,,,,,,
,,,BIAS UNFOUNDED,,28917289368,,September 2017,,,,,,,
,,,BIAS UNFOUNDED,,28918289851,,August 2018,,,,,,,
,,,BIAS UNFOUNDED,,29019290986,,August 2019,,,,,,,
,,,BIAS UNFOUNDED,,29118291816,,August 2018,,,,,,,
,,,BIAS UNFOUNDED,,29218292137,,August 2018,,,,,,,
,,,BIAS UNFOUNDED,,29517295017,,September 2017,,,,,,,
,,,BIAS UNFOUNDED,,29601729642,,January 2017,,,,,,,
,,,BIAS UNFOUNDED,,29719297339,,August 2019,,,,,,,
,,,BIAS UNFOUNDED,,29915299930,,August 2015,,,,,,,
,,,BIAS UNFOUNDED,,29918299147,,September 2018,,,,,,,
,,,BIAS UNFOUNDED,,30016300449,,September 2016,,,,,,,
,,,BIAS UNFOUNDED,,30016300637,,September 2016,,,,,,,
,,,BIAS UNFOUNDED,,30019300239,,August 2019,,,,,,,
,,,BIAS UNFOUNDED,,30119301411,,September 2019,,,,,,,
,,,BIAS UNFOUNDED,,30617306597,,September 2017,,,,,,,
,,,BIAS UNFOUNDED,,30817308931,,September 2017,,,,,,,
,,,BIAS UNFOUNDED,,30819308416,,September 2019,,,,,,,
,,,BIAS UNFOUNDED,,31018310178,,September 2018,,,,,,,
,,,BIAS UNFOUNDED,,31317313800,,September 2017,,,,,,,
,,,BIAS UNFOUNDED,,31417314586,,September 2017,,,,,,,
,,,BIAS UNFOUNDED,,31617316816,,September 2017,,,,,,,
,,,BIAS UNFOUNDED,,31619316796,,September 2019,,,,,,,
,,,BIAS UNFOUNDED,,31818318368,,September 2018,,,,,,,
,,,BIAS UNFOUNDED,,31901931907,,January 2019,,,,,,,
,,,BIAS UNFOUNDED,,32117321962,,September 2017,,,,,,,
,,,BIAS UNFOUNDED,,32118321908,,September 2018,,,,,,,
,,,BIAS UNFOUNDED,,32417324386,,October 2017,,,,,,,
,,,BIAS UNFOUNDED,,32915329180,,September 2015,,,,,,,
,,,BIAS UNFOUNDED,,32919329556,,September 2019,,,,,,,
,,,BIAS UNFOUNDED,,33019330609,,September 2019,,,,,,,
,,,BIAS UNFOUNDED,,33417334171,,October 2017,,,,,,,
,,,BIAS UNFOUNDED,,33618336587,,October 2018,,,,,,,
,,,BIAS UNFOUNDED,,33916339226,,October 2016,,,,,,,
,,,BIAS UNFOUNDED,,34101934151,,January 2019,,,,,,,
,,,BIAS UNFOUNDED,,34117341152,,October 2017,,,,,,,
,,,BIAS UNFOUNDED,,34818348211,,October 2018,,,,,,,
,,,BIAS UNFOUNDED,,34917349065,,October 2017,,,,,,,
,,,BIAS UNFOUNDED,,34918349495,,October 2018,,,,,,,
,,,BIAS UNFOUNDED,,34919349935,,October 2019,,,,,,,
,,,BIAS UNFOUNDED,,35117351092,,October 2017,,,,,,,
,,,BIAS UNFOUNDED,,35518355578,,October 2018,,,,,,,
,,,BIAS UNFOUNDED,,35519355203,,October 2019,,,,,,,
,,,BIAS UNFOUNDED,,35601735665,,February 2017,,,,,,,
,,,BIAS UNFOUNDED,,35818358851,,October 2018,,,,,,,
,,,BIAS UNFOUNDED,,35819358060,,October 2019,,,,,,,
,,,BIAS UNFOUNDED,,36017360647,,November 2017,,,,,,,
,,,BIAS UNFOUNDED,,36317363463,,November 2017,,,,,,,
,,,BIAS UNFOUNDED,,36618366207,,October 2018,,,,,,,
,,,BIAS UNFOUNDED,,36716367595,,November 2016,,,,,,,
,,,BIAS UNFOUNDED,,36801736809,,February 2017,,,,,,,
,,,BIAS UNFOUNDED,,36918369835,,October 2018,,,,,,,
,,,BIAS UNFOUNDED,,37219372083,,October 2019,,,,,,,
,,,BIAS UNFOUNDED,,37419374321,,October 2019,,,,,,,
,,,BIAS UNFOUNDED,,37618376794,,November 2018,,,,,,,
,,,BIAS UNFOUNDED,,37619376644,,November 2019,,,,,,,
,,,BIAS UNFOUNDED,,38016380747,,November 2016,,,,,,,
,,,BIAS UNFOUNDED,,38017380383,,November 2017,,,,,,,
,,,BIAS UNFOUNDED,,38118381317,,November 2018,,,,,,,
,,,BIAS UNFOUNDED,,38419384125,,November 2019,,,,,,,
,,,BIAS UNFOUNDED,,38715387720,,November 2015,,,,,,,
,,,BIAS UNFOUNDED,,38717387496,,November 2017,,,,,,,
,,,BIAS UNFOUNDED,,38901938926,,February 2019,,,,,,,
,,,BIAS UNFOUNDED,,39501939553,,February 2019,,,,,,,
,,,BIAS UNFOUNDED,,39517395013,,December 2017,,,,,,,
,,,BIAS UNFOUNDED,,39602039673,,February 2020,,,,,,,
,,,BIAS UNFOUNDED,,39618396428,,November 2018,,,,,,,
,,,BIAS UNFOUNDED,,39719397297,,November 2019,,,,,,,
,,,BIAS UNFOUNDED,,40115401763,,November 2015,,,,,,,
,,,BIAS UNFOUNDED,,40319403532,,November 2019,,,,,,,
,,,BIAS UNFOUNDED,,40619406372,,November 2019,,,,,,,
,,,BIAS UNFOUNDED,,41417414551,,December 2017,,,,,,,
,,,BIAS UNFOUNDED,,41515415879,,December 2015,,,,,,,
,,,BIAS UNFOUNDED,,42019420451,,December 2019,,,,,,,
,,,BIAS UNFOUNDED,,42215422176,,December 2015,,,,,,,
,,,BIAS UNFOUNDED,,42319423680,,December 2019,,,,,,,
,,,BIAS UNFOUNDED,,42618426941,,December 2018,,,,,,,
,,,BIAS UNFOUNDED,,42801842864,,February 2018,,,,,,,
,,,BIAS UNFOUNDED,,43518435034,,December 2018,,,,,,,
,,,BIAS UNFOUNDED,,43618436353,,December 2018,,,,,,,
,,,BIAS UNFOUNDED,,44220204422,,January 2020,,,,,,,
,,,BIAS UNFOUNDED,,47502047503,,February 2020,,,,,,,
,,,BIAS UNFOUNDED,,53301953399,,February 2019,,,,,,,
,,,BIAS UNFOUNDED,,56301756372,,February 2017,,,,,,,
,,,BIAS UNFOUNDED,,60701960765,,February 2019,,,,,,,
,,,BIAS UNFOUNDED,,60902060924,,February 2020,,,,,,,
,,,BIAS UNFOUNDED,,65320206537,,January 2020,,,,,,,
,,,BIAS UNFOUNDED,,65901765984,,March 2017,,,,,,,
,,,BIAS UNFOUNDED,,67001967020,,March 2019,,,,,,,
,,,BIAS UNFOUNDED,,67201967223,,March 2019,,,,,,,
,,,BIAS UNFOUNDED,,67301767367,,March 2017,,,,,,,
,,,BIAS UNFOUNDED,,68016680993,,September 2016,,,,,,,
,,,BIAS UNFOUNDED,,68401868428,,February 2018,,,,,,,
,,,BIAS UNFOUNDED,,68801768853,,March 2017,,,,,,,
,,,BIAS UNFOUNDED,,68802068883,,February 2020,,,,,,,
,,,BIAS UNFOUNDED,,71201971210,,March 2019,,,,,,,
,,,BIAS UNFOUNDED,,71502071596,,March 2020,,,,,,,
,,,BIAS UNFOUNDED,,71701871715,,March 2018,,,,,,,
,,,BIAS UNFOUNDED,,75701775722,,March 2017,,,,,,,
,,,BIAS UNFOUNDED,,77301877305,,March 2018,,,,,,,
,,,BIAS UNFOUNDED,,77901777912,,March 2017,,,,,,,
,,,BIAS UNFOUNDED,,80017800147,,January 2017,,,,,,,
,,,BIAS UNFOUNDED,,80217802108,,May 2017,,,,,,,
,,,BIAS UNFOUNDED,,80217802109,,June 2017,,,,,,,
,,,BIAS UNFOUNDED,,80420188042,,January 2018,,,,,,,
,,,BIAS UNFOUNDED,,83301783364,,March 2017,,,,,,,
,,,BIAS UNFOUNDED,,84320178430,,January 2017,,,,,,,
,,,BIAS UNFOUNDED,,89001889098,,March 2018,,,,,,,
,,,BIAS UNFOUNDED,,90020900706,,January 2020,,,,,,,
,,,BIAS UNFOUNDED,,90119901395,,January 2019,,,,,,,
,,,BIAS UNFOUNDED,,90219902244,,February 2019,,,,,,,
,,,BIAS UNFOUNDED,,90319903110,,February 2019,,,,,,,
,,,BIAS UNFOUNDED,,90519905618,,April 2019,,,,,,,
,,,BIAS UNFOUNDED,,90716907824,,July 2016,,,,,,,
,,,BIAS UNFOUNDED,,90917909511,,July 2017,,,,,,,
,,,BIAS UNFOUNDED,,91117911296,,August 2017,,,,,,,
,,,BIAS UNFOUNDED,,91217912802,,August 2017,,,,,,,
,,,BIAS UNFOUNDED,,91218912959,,August 2018,,,,,,,
,,,BIAS UNFOUNDED,,91318913008,,August 2018,,,,,,,
,,,BIAS UNFOUNDED,,91318913540,,August 2018,,,,,,,
,,,BIAS UNFOUNDED,,91319913967,,August 2019,,,,,,,
,,,BIAS UNFOUNDED,,95501995576,,March 2019,,,,,,,
,,,BIAS UNFOUNDED,,96201996239,,March 2019,,,,,,,
,,,BIAS UNFOUNDED,,96201996296,,March 2019,,,,,,,
,,,BIAS UNFOUNDED,,98001998010,,March 2019,,,,,,,
,,,BIAS UNFOUNDED,,98001998086,,March 2019,,,,,,,
,,,BIAS UNFOUNDED,,98401898431,,March 2018,,,,,,,
,,,UNKNOWN,,11318113780,,April 2018,,,,,,,
,,,UNKNOWN,,11618116641,,April 2018,,,,,,,
,,,UNKNOWN,,11918119239,,April 2018,,,,,,,
,,,UNKNOWN,,13316133821,,April 2016,,,,,,,
,,,UNKNOWN,,14318143454,,May 2018,,,,,,,
,,,UNKNOWN,,16317163203,,May 2017,,,,,,,
,,,UNKNOWN,,16318163747,,May 2018,,,,,,,
,,,UNKNOWN,,17015170217,,May 2015,,,,,,,
,,,UNKNOWN,,17019170547,,May 2019,,,,,,,
,,,UNKNOWN,,17217172594,,June 2017,,,,,,,
,,,UNKNOWN,,17819178408,,May 2019,,,,,,,
,,,UNKNOWN,,18117181640,,June 2017,,,,,,,
,,,UNKNOWN,,18518185939,,June 2018,,,,,,,
,,,UNKNOWN,,18817188195,,June 2017,,,,,,,
,,,UNKNOWN,,19116191573,,June 2016,,,,,,,
,,,UNKNOWN,,19316193012,,June 2016,,,,,,,
,,,UNKNOWN,,19619196296,,June 2019,,,,,,,
,,,UNKNOWN,,20115201853,,June 2015,,,,,,,
,,,UNKNOWN,,25417254039,,August 2017,,,,,,,
,,,UNKNOWN,,25701525749,,April 2015,,,,,,,
,,,UNKNOWN,,26015260623,,July 2015,,,,,,,
,,,UNKNOWN,,27618276911,,August 2018,,,,,,,
,,,UNKNOWN,,28518285382,,August 2018,,,,,,,
,,,UNKNOWN,,29717297773,,September 2017,,,,,,,
,,,UNKNOWN,,30815308034,,September 2015,,,,,,,
,,,UNKNOWN,,31118311790,,September 2018,,,,,,,
,,,UNKNOWN,,31215312369,,September 2015,,,,,,,
,,,UNKNOWN,,31419314989,,September 2019,,,,,,,
,,,UNKNOWN,,33016330254,,October 2016,,,,,,,
,,,UNKNOWN,,33115331443,,September 2015,,,,,,,
,,,UNKNOWN,,34215342436,,October 2015,,,,,,,
,,,UNKNOWN,,35016350832,,October 2016,,,,,,,
,,,UNKNOWN,,35315353031,,October 2015,,,,,,,
,,,UNKNOWN,,35417354308,,October 2017,,,,,,,
,,,UNKNOWN,,35818358190,,October 2018,,,,,,,
,,,UNKNOWN,,36815368839,,October 2015,,,,,,,
,,,UNKNOWN,,37401937488,,February 2019,,,,,,,
,,,UNKNOWN,,37416374429,,November 2016,,,,,,,
,,,UNKNOWN,,37618376962,,November 2018,,,,,,,
,,,UNKNOWN,,38017380518,,November 2017,,,,,,,
,,,UNKNOWN,,39818398423,,November 2018,,,,,,,
,,,UNKNOWN,,42519425499,,December 2019,,,,,,,
,,,UNKNOWN,,57001857016,,February 2018,,,,,,,
,,,UNKNOWN,,63001863042,,February 2018,,,,,,,
,,,UNKNOWN,,68017680653,,May 2017,,,,,,,
,,,UNKNOWN,,68017680654,,May 2017,,,,,,,
,,,UNKNOWN,,74201874227,,March 2018,,,,,,,
,,,UNKNOWN,,74702074704,,March 2020,,,,,,,
,,,UNKNOWN,,78401978442,,March 2019,,,,,,,
,,,UNKNOWN,,80118801748,,May 2018,,,,,,,
,,,UNKNOWN,,80118801751,,April 2018,,,,,,,
,,,UNKNOWN,,81301981366,,March 2019,,,,,,,
,,,UNKNOWN,,81602081640,,March 2020,,,,,,,
,,,UNKNOWN,,90201890264,,March 2018,,,,,,,
,,,UNKNOWN,,90301690317,,March 2016,,,,,,,
,,,UNKNOWN,,91116911282,,September 2016,,,,,,,
,,,UNKNOWN,,91517915728,,October 2017,,,,,,,
,,,UNKNOWN,,92301992334,,March 2019,,,,,,,
Disability,ANTI-MENTAL DISABILITY,,BIAS CRIME,Street/Highway/ Road/Alley/ Sidewalk,11901711962,Simple Assault,January 2017,22,Male,Black,50,Female,White,RELATIONSHIP UNKNOWN
Disability,ANTI-MENTAL DISABILITY,,BIAS INCIDENT,Residence/Home,14421144143,Simple Assault,May 2021,,,,19,Female,White,
Ethnicity,ANTI-ARAB,,BIAS CRIME,Parking/Drop Lot/Garage,26122261611,Simple Assault,September 2022,63,Male,White,29,Male,Unknown,RELATIONSHIP UNKNOWN
Ethnicity,ANTI-ARAB,,BIAS CRIME,Restaurant,12117121334,Aggravated Assault,April 2017,30,Male,White,22,Male,Black,VICTIM WAS STRANGER
Ethnicity,ANTI-ARAB,,BIAS CRIME,Street/Highway/Road/Alley/Sidewalk,32321323844,Aggravated Assault,November 2021,52,Male,White,24,Male,Latinx,VICTIM WAS STRANGER
Ethnicity,ANTI-ARAB,,BIAS CRIME,Street/Highway/Road/Alley/Sidewalk,32321323844,Aggravated Assault,November 2021,52,Male,White,57,Male,White,VICTIM WAS STRANGER
Ethnicity,ANTI-ARAB,,BIAS CRIME,Street/Highway/Road/Alley/Sidewalk,20222202470,Simple Assault,July 2022,61,Female,White,19,Male,Asian,RELATIONSHIP UNKNOWN
Ethnicity,ANTI-ARAB,,BIAS INCIDENT,Residence/Home,23521235920,,August 2021,,,,,,,
Ethnicity,ANTI-ARAB,VICTIM,BIAS CRIME,Cyberspace,39519395230,Intimidation,November 2019,,,,,,,RELATIONSHIP UNKNOWN
Ethnicity,ANTI-ARAB,VICTIM,BIAS CRIME,Restaurant,11022110446,Vandalism,April 2022,,,,42,Male,White,
Ethnicity,ANTI-ARAB,VICTIM,BIAS CRIME,Restaurant,11022110446,Vandalism,April 2022,,,,58,Female,Asian,
Ethnicity,ANTI-ARAB,VICTIM,BIAS CRIME,Restaurant,33718337949,Vandalism,October 2018,30,Male,White,,,,
Ethnicity,ANTI-HISPANIC or LATINO,,BIAS CRIME,Air/Bus/Train Terminal,66602266605,Simple Assault,March 2022,53,Male,White,26,Male,Latinx,RELATIONSHIP UNKNOWN
Ethnicity,ANTI-HISPANIC or LATINO,,BIAS CRIME,Air/Bus/Train Terminal,66602266605,Simple Assault,March 2022,67,Male,White,26,Male,Latinx,RELATIONSHIP UNKNOWN
Ethnicity,ANTI-HISPANIC or LATINO,,BIAS CRIME,Auto Dealership/New/Used,17520175796,Aggravated Assault,May 2020,,,,23,Male,Native American,
Ethnicity,ANTI-HISPANIC or LATINO,,BIAS CRIME,Park/Playground,17121171118,Robbery,June 2021,34,Male,White,53,Female,Latinx,VICTIM WAS STRANGER
Ethnicity,ANTI-HISPANIC or LATINO,,BIAS CRIME,Street/Highway/Road/Alley/Sidewalk,21621216892,Disorderly Conduct,August 2021,47,Male,White,,,,
Ethnicity,ANTI-HISPANIC or LATINO,,BIAS CRIME,Street/Highway/Road/Alley/Sidewalk,33521335815,Intimidation,December 2021,51,Male,Latinx,2,Male,Latinx,VICTIM WAS STRANGER
Ethnicity,ANTI-HISPANIC or LATINO,,BIAS CRIME,Street/Highway/Road/Alley/Sidewalk,33521335815,Intimidation,December 2021,51,Male,Latinx,3,Male,Latinx,VICTIM WAS STRANGER
Ethnicity,ANTI-HISPANIC or LATINO,,BIAS CRIME,Street/Highway/Road/Alley/Sidewalk,33521335815,Intimidation,December 2021,51,Male,Latinx,21,Female,Latinx,VICTIM WAS STRANGER
Ethnicity,ANTI-HISPANIC or LATINO,,BIAS CRIME,Street/Highway/Road/Alley/Sidewalk,33521335815,Intimidation,December 2021,51,Male,Latinx,30,Male,Latinx,VICTIM WAS STRANGER
Ethnicity,ANTI-HISPANIC or LATINO,,BIAS CRIME,Street/Highway/Road/Alley/Sidewalk,11120111907,Simple Assault,April 2020,38,Male,White,37,Female,White,RELATIONSHIP UNKNOWN
Ethnicity,ANTI-HISPANIC or LATINO,,BIAS INCIDENT,Parking/Drop Lot/Garage,25221252717,,September 2021,,,,,,,
Ethnicity,ANTI-HISPANIC or LATINO,,BIAS INCIDENT,Parking/Drop Lot/Garage,24122241586,Vandalism,September 2022,,,,32,Female,Latinx,
Ethnicity,ANTI-HISPANIC or LATINO,,BIAS INCIDENT,Parking/Drop Lot/Garage,24122241586,Vandalism,September 2022,,,,37,Female,White,
Ethnicity,ANTI-HISPANIC or LATINO,,BIAS INCIDENT,Parking/Drop Lot/Garage,24122241586,Vandalism,September 2022,,,,43,Female,White,
Ethnicity,ANTI-HISPANIC or LATINO,,BIAS INCIDENT,Parking/Drop Lot/Garage,24122241586,Vandalism,September 2022,,,,49,Female,White,
Ethnicity,ANTI-HISPANIC or LATINO,,BIAS INCIDENT,Parking/Drop Lot/Garage,24122241586,Vandalism,September 2022,,,,51,Female,Latinx,
Ethnicity,ANTI-HISPANIC or LATINO,,BIAS INCIDENT,Parking/Drop Lot/Garage,24122241586,Vandalism,September 2022,,,,51,Female,White,
Ethnicity,ANTI-HISPANIC or LATINO,,BIAS INCIDENT,Parking/Drop Lot/Garage,24122241586,Vandalism,September 2022,,,,58,Female,White,
Ethnicity,ANTI-HISPANIC or LATINO,,BIAS INCIDENT,Residence/Home,12421124821,,May 2021,,,,,,,
Ethnicity,ANTI-HISPANIC or LATINO,,BIAS INCIDENT,Street/Highway/Road/Alley/Sidewalk,19921199905,,July 2021,,,,,,,
Ethnicity,ANTI-HISPANIC or LATINO,,BIAS INCIDENT,Street/Highway/Road/Alley/Sidewalk,68002268087,,March 2022,50,Male,Latinx,37,Male,Latinx,
Ethnicity,ANTI-HISPANIC or LATINO,,BIAS INCIDENT,Street/Highway/Road/Alley/Sidewalk,68002268087,,March 2022,50,Male,Latinx,48,Female,Latinx,
Ethnicity,ANTI-HISPANIC or LATINO,,BIAS INCIDENT,Street/Highway/Road/Alley/Sidewalk,99402299445,,April 2022,,,,,,,
Ethnicity,ANTI-HISPANIC or LATINO,,BIAS INCIDENT,Street/Highway/Road/Alley/Sidewalk,11721117675,Vandalism,May 2021,28,Male,White,32,Male,Latinx,RELATIONSHIP UNKNOWN
Ethnicity,ANTI-HISPANIC or LATINO,,BIAS INCIDENT,Street/Highway/Road/Alley/Sidewalk,11721117675,Vandalism,May 2021,28,Male,White,49,Male,Latinx,RELATIONSHIP UNKNOWN
Ethnicity,ANTI-HISPANIC or LATINO,,BIAS INCIDENT,Street/Highway/Road/Alley/Sidewalk,11721117675,Vandalism,May 2021,39,Male,White,32,Male,Latinx,RELATIONSHIP UNKNOWN
Ethnicity,ANTI-HISPANIC or LATINO,,BIAS INCIDENT,Street/Highway/Road/Alley/Sidewalk,11721117675,Vandalism,May 2021,39,Male,White,49,Male,Latinx,RELATIONSHIP UNKNOWN
Ethnicity,ANTI-HISPANIC OR LATINO,,BIAS CRIME,Bar/ Nightclub,31119311310,Aggravated Assault,September 2019,30,Female,White,50,Male,White,VICTIM WAS STRANGER
Ethnicity,ANTI-HISPANIC OR LATINO,,BIAS CRIME,Dock/Wharf/Freight/Modal Terminal,27118271121,Simple Assault,August 2018,,Male,White,15,Female,Asian,VICTIM WAS STRANGER
Ethnicity,ANTI-HISPANIC OR LATINO,,BIAS CRIME,Dock/Wharf/Freight/Modal Terminal,27118271121,Simple Assault,August 2018,,Male,White,15,Male,Asian,VICTIM WAS STRANGER
Ethnicity,ANTI-HISPANIC OR LATINO,,BIAS CRIME,Dock/Wharf/Freight/Modal Terminal,27118271121,Simple Assault,August 2018,,Male,White,16,Female,Asian,VICTIM WAS STRANGER
Ethnicity,ANTI-HISPANIC OR LATINO,,BIAS CRIME,Dock/Wharf/Freight/Modal Terminal,27118271121,Simple Assault,August 2018,,Male,White,22,Female,Latinx,VICTIM WAS STRANGER
Ethnicity,ANTI-HISPANIC OR LATINO,,BIAS CRIME,Dock/Wharf/Freight/Modal Terminal,27118271121,Simple Assault,August 2018,,Male,White,22,Female,White,VICTIM WAS STRANGER
Ethnicity,ANTI-HISPANIC OR LATINO,,BIAS CRIME,Dock/Wharf/Freight/Modal Terminal,27118271121,Simple Assault,August 2018,,Male,White,22,Male,Latinx,VICTIM WAS STRANGER
Ethnicity,ANTI-HISPANIC OR LATINO,,BIAS CRIME,Dock/Wharf/Freight/Modal Terminal,27118271121,Simple Assault,August 2018,,Male,White,22,Male,White,VICTIM WAS STRANGER
Ethnicity,ANTI-HISPANIC OR LATINO,,BIAS CRIME,Dock/Wharf/Freight/Modal Terminal,27118271121,Simple Assault,August 2018,,Male,White,30,Female,White,VICTIM WAS STRANGER
Ethnicity,ANTI-HISPANIC OR LATINO,,BIAS CRIME,Park/Playground,33918339831,Simple Assault,October 2018,,Male,White,22,Male,Latinx,VICTIM WAS STRANGER
Ethnicity,ANTI-HISPANIC OR LATINO,,BIAS CRIME,Parking/Drop Lot/Garage,99102099192,Robbery,March 2020,22,Male,White,50,Female,Latinx,VICTIM WAS STRANGER
Ethnicity,ANTI-HISPANIC OR LATINO,,BIAS CRIME,Residence /Home,23916239592,Simple Assault,July 2016,65,Male,White,50,Male,Latinx,VICTIM WAS ACQUAINTANCE
Ethnicity,ANTI-HISPANIC OR LATINO,,BIAS CRIME,Street/Highway/ Road/Alley/ Sidewalk,12517125848,Aggravated Assault,April 2017,30,Male,White,30,Female,Latinx,VICTIM WAS STRANGER
Ethnicity,ANTI-HISPANIC OR LATINO,,BIAS CRIME,Street/Highway/ Road/Alley/ Sidewalk,16416164773,Aggravated Assault,May 2016,30,Male,White,22,Female,Latinx,VICTIM WAS STRANGER
Ethnicity,ANTI-HISPANIC OR LATINO,,BIAS CRIME,Street/Highway/ Road/Alley/ Sidewalk,16416164773,Aggravated Assault,May 2016,30,Male,White,22,Male,Latinx,VICTIM WAS STRANGER
Ethnicity,ANTI-HISPANIC OR LATINO,,BIAS CRIME,Street/Highway/ Road/Alley/ Sidewalk,18501918573,Aggravated Assault,January 2019,30,Male,White,22,,Latinx,VICTIM WAS STRANGER
Ethnicity,ANTI-HISPANIC OR LATINO,,BIAS CRIME,Street/Highway/ Road/Alley/ Sidewalk,18501918573,Aggravated Assault,January 2019,30,Male,White,22,Female,Latinx,VICTIM WAS STRANGER
Ethnicity,ANTI-HISPANIC OR LATINO,,BIAS CRIME,Street/Highway/ Road/Alley/ Sidewalk,13617136167,Intimidation,May 2017,30,Male,White,30,Female,Latinx,VICTIM WAS STRANGER
Ethnicity,ANTI-HISPANIC OR LATINO,,BIAS CRIME,Street/Highway/ Road/Alley/ Sidewalk,26118261983,Simple Assault,August 2018,30,Male,White,30,Female,Latinx,VICTIM WAS STRANGER
Ethnicity,ANTI-HISPANIC OR LATINO,,BIAS CRIME,Street/Highway/ Road/Alley/ Sidewalk,37701737765,Simple Assault,February 2017,22,Male,White,30,Male,Latinx,VICTIM WAS STRANGER
Ethnicity,ANTI-ISLAM (MUSLIM),,BIAS CRIME,Cyberspace,80517805235,Intimidation,December 2017,,,,22,Male,White,RELATIONSHIP UNKNOWN
Ethnicity,ANTI-OTHER RACE/ETHNICITY/ANCESTRY,,BIAS INCIDENT,Bar/Nightclub,21522215165,Simple Assault,August 2022,43,Female,White,29,Female,Black,VICTIM WAS STRANGER
Ethnicity,ANTI-OTHER RACE/ETHNICITY/ANCESTRY,,BIAS INCIDENT,Park/Playground,13322133729,Simple Assault,May 2022,21,Male,Black,52,Male,Pacific Islander,VICTIM WAS OTHERWISE KNOWN
Ethnicity,ANTI-OTHER RACE/ETHNICITY/ANCESTRY,,BIAS INCIDENT,Street/Highway/Road/Alley/Sidewalk,10520221051,Restraining Order Violation,January 2022,55,Male,Latinx,35,Male,White,VICTIM WAS NEIGHBOR
Ethnicity,ANTI-OTHER RACE/ETHNICITY/ANCESTRY,VICTIM,BIAS INCIDENT,Industrial Site,69102269147,All Other Offenses,March 2022,43,Male,Black,,,,
Gender,ANTI-FEMALE,,BIAS CRIME,Street/Highway/ Road/Alley/ Sidewalk,18819188056,Simple Assault,June 2019,30,Male,Black,22,Female,White,VICTIM WAS STRANGER
Gender,ANTI-FEMALE,,BIAS CRIME,Street/Highway/ Road/Alley/ Sidewalk,18819188056,Simple Assault,June 2019,30,Male,Black,50,Female,White,VICTIM WAS STRANGER
Gender,ANTI-FEMALE,,BIAS INCIDENT,Residence/Home,65102265197,All Other Offenses,March 2022,61,Male,White,52,Female,White,VICTIM WAS STRANGER
Gender Identity,ANTI-GENDER NON-CONFORMING,,BIAS CRIME,Residence/Home,23222232461,Aggravated Assault,August 2022,28,Male,White,45,Male,White,VICTIM WAS STRANGER
Gender Identity,ANTI-GENDER NON-CONFORMING,,BIAS CRIME,Residence/Home,23222232461,Aggravated Assault,August 2022,55,Male,Latinx,45,Male,White,VICTIM WAS STRANGER
Gender Identity,ANTI-GENDER NON-CONFORMING,,BIAS CRIME,Street/Highway/ Road/Alley/ Sidewalk,79901679924,Intimidation,March 2016,30,Male,Black,30,Female,White,RELATIONSHIP UNKNOWN
Gender Identity,ANTI-GENDER NON-CONFORMING,,BIAS CRIME,Street/Highway/ Road/Alley/ Sidewalk,37619376243,Simple Assault,November 2019,18,Male,White,30,Male,White,VICTIM WAS STRANGER
Gender Identity,ANTI-TRANSGENDER,,BIAS CRIME,Air/Bus/Train Terminal,80018800586,Intimidation,February 2018,30,Male,Black,50,Female,White,VICTIM WAS STRANGER
Gender Identity,ANTI-TRANSGENDER,,BIAS CRIME,Park/Playground,23822238879,Simple Assault,September 2022,34,Male,White,18,Female,Latinx,VICTIM WAS OTHERWISE KNOWN
Gender Identity,ANTI-TRANSGENDER,,BIAS CRIME,Parking/Drop Lot/Garage,79002179071,Simple Assault,March 2021,48,Female,White,30,Female,White,RELATIONSHIP UNKNOWN
Gender Identity,ANTI-TRANSGENDER,,BIAS CRIME,Residence /Home,34518345807,Simple Assault,October 2018,65,Male,White,30,Female,White,VICTIM WAS STRANGER
Gender Identity,ANTI-TRANSGENDER,,BIAS CRIME,Residence/Home,80302180349,All Other Larceny,March 2021,55,Male,White,44,Female,White,VICTIM WAS STRANGER
Gender Identity,ANTI-TRANSGENDER,,BIAS CRIME,Street/Highway/ Road/Alley/ Sidewalk,35018350485,Aggravated Assault,October 2018,22,Male,White,50,Male,White,VICTIM WAS STRANGER
Gender Identity,ANTI-TRANSGENDER,,BIAS CRIME,Street/Highway/ Road/Alley/ Sidewalk,57401957464,Aggravated Assault,February 2019,,Male,Black,30,Female,White,VICTIM WAS STRANGER
Gender Identity,ANTI-TRANSGENDER,,BIAS CRIME,Street/Highway/ Road/Alley/ Sidewalk,25118251038,Simple Assault,July 2018,30,Male,White,22,Female,White,VICTIM WAS STRANGER
Gender Identity,ANTI-TRANSGENDER,,BIAS CRIME,Street/Highway/ Road/Alley/ Sidewalk,33619336696,Simple Assault,September 2019,30,Male,Latinx,22,Female,White,VICTIM WAS STRANGER
Gender Identity,ANTI-TRANSGENDER,,BIAS CRIME,Street/Highway/ Road/Alley/ Sidewalk,37419374321,Simple Assault,October 2019,30,Male,White,30,Female,White,RELATIONSHIP UNKNOWN
Gender Identity,ANTI-TRANSGENDER,,BIAS CRIME,Street/Highway/ Road/Alley/ Sidewalk,29518295584,Vandalism,August 2018,,,,22,Female,White,RELATIONSHIP UNKNOWN
Gender Identity,ANTI-TRANSGENDER,,BIAS CRIME,Street/Highway/Road/Alley/Sidewalk,20121201140,Aggravated Assault,July 2021,30,Male,Latinx,28,Male,Latinx,VICTIM WAS STRANGER
Gender Identity,ANTI-TRANSGENDER,,BIAS CRIME,Street/Highway/Road/Alley/Sidewalk,19422194241,Simple Assault,July 2022,39,Male,Black,12,Female,White,VICTIM WAS OTHERWISE KNOWN
Gender Identity,ANTI-TRANSGENDER,,BIAS CRIME,Street/Highway/Road/Alley/Sidewalk,19422194241,Simple Assault,July 2022,39,Male,Black,12,Female,White,VICTIM WAS STRANGER
Gender Identity,ANTI-TRANSGENDER,,BIAS CRIME,Street/Highway/Road/Alley/Sidewalk,19422194241,Simple Assault,July 2022,45,Female,White,12,Female,White,VICTIM WAS OTHERWISE KNOWN
Gender Identity,ANTI-TRANSGENDER,,BIAS CRIME,Street/Highway/Road/Alley/Sidewalk,19422194241,Simple Assault,July 2022,45,Female,White,12,Female,White,VICTIM WAS STRANGER
Gender Identity,ANTI-TRANSGENDER,,BIAS CRIME,Street/Highway/Road/Alley/Sidewalk,23721237873,Simple Assault,August 2021,59,Male,Black,35,Female,White,VICTIM WAS ACQUAINTANCE
Gender Identity,ANTI-TRANSGENDER,,BIAS CRIME,Street/Highway/Road/Alley/Sidewalk,34420344243,Simple Assault,November 2020,41,Male,Asian,34,Female,White,VICTIM WAS STRANGER
Gender Identity,ANTI-TRANSGENDER,,BIAS INCIDENT,Bar/Nightclub,32521325669,Simple Assault,November 2021,37,Female,Latinx,,,,
Gender Identity,ANTI-TRANSGENDER,,BIAS INCIDENT,Bar/Nightclub,32521325669,Simple Assault,November 2021,41,Female,Latinx,,,,
Gender Identity,ANTI-TRANSGENDER,,BIAS INCIDENT,Grocery/Supermarket,29521295879,,October 2021,,,,,,,
None,NONE (NO BIAS),,BIAS UNFOUNDED,Air/Bus/Train Terminal,80022800077,,January 2022,,,,39,Female,Asian,
None,NONE (NO BIAS),,BIAS UNFOUNDED,Air/Bus/Train Terminal,19020190985,Simple Assault,June 2020,51,Male,Asian,22,Male,Latinx,VICTIM WAS STRANGER
None,NONE (NO BIAS),,BIAS UNFOUNDED,Air/Bus/Train Terminal,78202178275,Simple Assault,March 2021,46,Female,White,22,Female,White,VICTIM WAS STRANGER
None,NONE (NO BIAS),,BIAS UNFOUNDED,Air/Bus/Train Terminal,78202178275,Simple Assault,March 2021,61,Male,Black,22,Female,White,VICTIM WAS STRANGER
None,NONE (NO BIAS),,BIAS UNFOUNDED,Air/Bus/Train Terminal,11721117080,Vandalism,May 2021,42,Female,White,22,Female,Asian,RELATIONSHIP UNKNOWN
None,NONE (NO BIAS),,BIAS UNFOUNDED,Bar/Nightclub,14921149688,,June 2021,,,,,,,
None,NONE (NO BIAS),,BIAS UNFOUNDED,Bar/Nightclub,33421334018,,November 2021,,,,,,,
None,NONE (NO BIAS),,BIAS UNFOUNDED,Commercial/Office Building,91520915328,Vandalism,August 2020,,,,23,Female,White,
None,NONE (NO BIAS),,BIAS UNFOUNDED,Convenience Store,10820108373,Disorderly Conduct,April 2020,40,Female,White,45,Female,Asian,RELATIONSHIP UNKNOWN
None,NONE (NO BIAS),,BIAS UNFOUNDED,Convenience Store,12321123940,Simple Assault,May 2021,74,Female,White,50,Male,Asian,RELATIONSHIP UNKNOWN
None,NONE (NO BIAS),,BIAS UNFOUNDED,Department/Discount Store,16322163085,,June 2022,,,,,,,
None,NONE (NO BIAS),,BIAS UNFOUNDED,Grocery/Supermarket,23721237465,Simple Assault,August 2021,39,Female,White,44,Male,White,VICTIM WAS STRANGER
None,NONE (NO BIAS),,BIAS UNFOUNDED,Hotel/Motel/Etc.,80121801035,,March 2021,,,,,,,
None,NONE (NO BIAS),,BIAS UNFOUNDED,Hotel/Motel/Etc.,27420274125,All Other Offenses,September 2020,40,Male,Black,37,Female,White,
None,NONE (NO BIAS),,BIAS UNFOUNDED,Other/Unknown,90221902517,,February 2021,,,,,,,
None,NONE (NO BIAS),,BIAS UNFOUNDED,Other/Unknown,90821908057,Disorderly Conduct,April 2021,,,,,,,
None,NONE (NO BIAS),,BIAS UNFOUNDED,Other/Unknown,14422144849,Simple Assault,May 2022,,,,,,,
None,NONE (NO BIAS),,BIAS UNFOUNDED,Park/Playground,19021190571,Simple Assault,July 2021,54,Male,Latinx,67,Male,Black,VICTIM WAS STRANGER
None,NONE (NO BIAS),,BIAS UNFOUNDED,Park/Playground,19021190571,Simple Assault,July 2021,58,Male,Black,67,Male,Black,VICTIM WAS STRANGER
None,NONE (NO BIAS),,BIAS UNFOUNDED,Park/Playground,19021190571,Simple Assault,July 2021,63,Male,White,67,Male,Black,VICTIM WAS STRANGER
None,NONE (NO BIAS),,BIAS UNFOUNDED,Park/Playground,25320253805,Vandalism,August 2020,,,,60,Female,White,
None,NONE (NO BIAS),,BIAS UNFOUNDED,Park/Playground,25620256983,Vandalism,August 2020,61,Male,Native American,41,Female,White,RELATIONSHIP UNKNOWN
None,NONE (NO BIAS),,BIAS UNFOUNDED,Parking/Drop Lot/Garage,32720327643,,October 2020,,,,,,,
None,NONE (NO BIAS),,BIAS UNFOUNDED,Parking/Drop Lot/Garage,19921199625,Intimidation,July 2021,66,Male,White,48,Female,White,RELATIONSHIP UNKNOWN
None,NONE (NO BIAS),,BIAS UNFOUNDED,Parking/Drop Lot/Garage,24020240483,Simple Assault,August 2020,40,Female,White,17,Female,Black,VICTIM WAS STRANGER
None,NONE (NO BIAS),,BIAS UNFOUNDED,Parking/Drop Lot/Garage,11521115653,Vandalism,April 2021,36,Male,Black,19,Female,Latinx,VICTIM WAS STRANGER
None,NONE (NO BIAS),,BIAS UNFOUNDED,Residence/Home,23521235436,,August 2021,,,,,,,
None,NONE (NO BIAS),,BIAS UNFOUNDED,Residence/Home,29821298248,,October 2021,,,,,,,
None,NONE (NO BIAS),,BIAS UNFOUNDED,Residence/Home,30821308407,Aggravated Assault,November 2021,29,Female,White,32,Female,Black,VICTIM WAS NEIGHBOR
None,NONE (NO BIAS),,BIAS UNFOUNDED,Residence/Home,36021360410,All Other Larceny,December 2021,66,Male,Latinx,26,Female,Asian,RELATIONSHIP UNKNOWN
None,NONE (NO BIAS),,BIAS UNFOUNDED,Residence/Home,93102193162,All Other Offenses,April 2021,48,Male,White,30,Male,White,VICTIM WAS STRANGER
None,NONE (NO BIAS),,BIAS UNFOUNDED,Residence/Home,16220162709,Disorderly Conduct,May 2020,,,,,,,
None,NONE (NO BIAS),,BIAS UNFOUNDED,Residence/Home,25521255986,Intimidation,September 2021,62,Female,White,57,Female,White,VICTIM WAS NEIGHBOR
None,NONE (NO BIAS),,BIAS UNFOUNDED,Residence/Home,25521255986,Intimidation,September 2021,62,Female,White,59,Female,White,VICTIM WAS NEIGHBOR
None,NONE (NO BIAS),,BIAS UNFOUNDED,Residence/Home,74802174832,Intimidation,March 2021,,,,38,Female,Asian,RELATIONSHIP UNKNOWN
None,NONE (NO BIAS),,BIAS UNFOUNDED,Residence/Home,91821918276,Intimidation,September 2021,,,,28,Male,White,
None,NONE (NO BIAS),,BIAS UNFOUNDED,Residence/Home,25220252345,Pornography/Obscene Material,August 2020,19,Female,Black,17,Male,Black,
None,NONE (NO BIAS),,BIAS UNFOUNDED,Residence/Home,15920159675,Vandalism,May 2020,,,,23,Female,White,
None,NONE (NO BIAS),,BIAS UNFOUNDED,Residence/Home,15920159675,Vandalism,May 2020,,,,46,Female,White,
None,NONE (NO BIAS),,BIAS UNFOUNDED,Residence/Home,20820208436,Vandalism,July 2020,,,,37,Female,White,
None,NONE (NO BIAS),,BIAS UNFOUNDED,Residence/Home,24421244297,Vandalism,September 2021,74,Female,White,32,Male,Latinx,RELATIONSHIP UNKNOWN
None,NONE (NO BIAS),,BIAS UNFOUNDED,Residence/Home,34620346740,Vandalism,November 2020,,,,63,Male,Black,VICTIM WAS CHILD OF BOYFRIEND/GIRLFRIEND
None,NONE (NO BIAS),,BIAS UNFOUNDED,Residence/Home,91920919771,Vandalism,October 2020,,,,42,Female,Black,
None,NONE (NO BIAS),,BIAS UNFOUNDED,Restaurant,14122141782,,May 2022,,,,,,,
None,NONE (NO BIAS),,BIAS UNFOUNDED,Restaurant,25821258893,,September 2021,,,,,,,
None,NONE (NO BIAS),,BIAS UNFOUNDED,School-College/University,25622256027,,September 2022,,,,,,,
None,NONE (NO BIAS),,BIAS UNFOUNDED,Service/Gas Station,34821348641,Intimidation,December 2021,,,,34,Male,Latinx,
None,NONE (NO BIAS),,BIAS UNFOUNDED,Specialty Store,73720227372,,January 2022,,,,,,,
None,NONE (NO BIAS),,BIAS UNFOUNDED,Specialty Store,92020920821,Intimidation,October 2020,,,,30,Female,White,
None,NONE (NO BIAS),,BIAS UNFOUNDED,Specialty Store,23022230335,Trespass of Real Property,August 2022,26,Male,Black,,,,
None,NONE (NO BIAS),,BIAS UNFOUNDED,Street/Highway/Road/Alley/Sidewalk,14020140993,,April 2020,62,Female,White,36,Male,Latinx,RELATIONSHIP UNKNOWN
None,NONE (NO BIAS),,BIAS UNFOUNDED,Street/Highway/Road/Alley/Sidewalk,14020140993,,April 2020,64,Female,White,36,Male,Latinx,RELATIONSHIP UNKNOWN
None,NONE (NO BIAS),,BIAS UNFOUNDED,Street/Highway/Road/Alley/Sidewalk,14020140993,,April 2020,64,Male,White,36,Male,Latinx,RELATIONSHIP UNKNOWN
None,NONE (NO BIAS),,BIAS UNFOUNDED,Street/Highway/Road/Alley/Sidewalk,19322193575,,July 2022,,,,,,,
None,NONE (NO BIAS),,BIAS UNFOUNDED,Street/Highway/Road/Alley/Sidewalk,24022240347,,September 2022,,,,31,Male,White,VICTIM WAS STRANGER
None,NONE (NO BIAS),,BIAS UNFOUNDED,Street/Highway/Road/Alley/Sidewalk,24221242601,,August 2021,,,,,,,
None,NONE (NO BIAS),,BIAS UNFOUNDED,Street/Highway/Road/Alley/Sidewalk,24322243814,,September 2022,,,,,,,
None,NONE (NO BIAS),,BIAS UNFOUNDED,Street/Highway/Road/Alley/Sidewalk,24421244424,,September 2021,,,,,,,
None,NONE (NO BIAS),,BIAS UNFOUNDED,Street/Highway/Road/Alley/Sidewalk,24521245614,,September 2021,,,,,,,
None,NONE (NO BIAS),,BIAS UNFOUNDED,Street/Highway/Road/Alley/Sidewalk,25321253573,,September 2021,64,Female,White,,,,
None,NONE (NO BIAS),,BIAS UNFOUNDED,Street/Highway/Road/Alley/Sidewalk,36221362740,,December 2021,,,,,,,
None,NONE (NO BIAS),,BIAS UNFOUNDED,Street/Highway/Road/Alley/Sidewalk,68121681390,,September 2021,,,,,,,
None,NONE (NO BIAS),,BIAS UNFOUNDED,Street/Highway/Road/Alley/Sidewalk,25320253318,Aggravated Assault,August 2020,61,Female,White,39,Male,White,RELATIONSHIP UNKNOWN
None,NONE (NO BIAS),,BIAS UNFOUNDED,Street/Highway/Road/Alley/Sidewalk,25321253225,Aggravated Assault,September 2021,,,,52,Male,Latinx,
None,NONE (NO BIAS),,BIAS UNFOUNDED,Street/Highway/Road/Alley/Sidewalk,31520315837,Aggravated Assault,October 2020,,,,15,Female,White,
None,NONE (NO BIAS),,BIAS UNFOUNDED,Street/Highway/Road/Alley/Sidewalk,33120331730,Aggravated Assault,November 2020,32,Male,White,39,Male,Latinx,RELATIONSHIP UNKNOWN
None,NONE (NO BIAS),,BIAS UNFOUNDED,Street/Highway/Road/Alley/Sidewalk,33120331730,Aggravated Assault,November 2020,32,Male,White,39,Male,Latinx,VICTIM WAS STRANGER
None,NONE (NO BIAS),,BIAS UNFOUNDED,Street/Highway/Road/Alley/Sidewalk,33120331730,Aggravated Assault,November 2020,32,Male,White,43,Male,Latinx,RELATIONSHIP UNKNOWN
None,NONE (NO BIAS),,BIAS UNFOUNDED,Street/Highway/Road/Alley/Sidewalk,33120331730,Aggravated Assault,November 2020,32,Male,White,43,Male,Latinx,VICTIM WAS STRANGER
None,NONE (NO BIAS),,BIAS UNFOUNDED,Street/Highway/Road/Alley/Sidewalk,33120331730,Aggravated Assault,November 2020,58,Male,White,39,Male,Latinx,RELATIONSHIP UNKNOWN
None,NONE (NO BIAS),,BIAS UNFOUNDED,Street/Highway/Road/Alley/Sidewalk,33120331730,Aggravated Assault,November 2020,58,Male,White,39,Male,Latinx,VICTIM WAS STRANGER
None,NONE (NO BIAS),,BIAS UNFOUNDED,Street/Highway/Road/Alley/Sidewalk,33120331730,Aggravated Assault,November 2020,58,Male,White,43,Male,Latinx,RELATIONSHIP UNKNOWN
None,NONE (NO BIAS),,BIAS UNFOUNDED,Street/Highway/Road/Alley/Sidewalk,33120331730,Aggravated Assault,November 2020,58,Male,White,43,Male,Latinx,VICTIM WAS STRANGER
None,NONE (NO BIAS),,BIAS UNFOUNDED,Street/Highway/Road/Alley/Sidewalk,48002148027,Aggravated Assault,February 2021,,,,47,Female,White,
None,NONE (NO BIAS),,BIAS UNFOUNDED,Street/Highway/Road/Alley/Sidewalk,62720216271,Aggravated Assault,January 2021,23,Male,White,23,Male,Black,VICTIM WAS STRANGER
None,NONE (NO BIAS),,BIAS UNFOUNDED,Street/Highway/Road/Alley/Sidewalk,80021800995,Arson,March 2021,,,,,,,
None,NONE (NO BIAS),,BIAS UNFOUNDED,Street/Highway/Road/Alley/Sidewalk,18120181328,Disorderly Conduct,June 2020,41,Male,Black,,,,
None,NONE (NO BIAS),,BIAS UNFOUNDED,Street/Highway/Road/Alley/Sidewalk,22022220391,Disorderly Conduct,August 2022,44,Male,Latinx,34,Male,White,VICTIM WAS STRANGER
None,NONE (NO BIAS),,BIAS UNFOUNDED,Street/Highway/Road/Alley/Sidewalk,36402136459,Disorderly Conduct,February 2021,,,,,,,
None,NONE (NO BIAS),,BIAS UNFOUNDED,Street/Highway/Road/Alley/Sidewalk,27520275904,Robbery,September 2020,39,Male,White,27,Male,Latinx,VICTIM WAS STRANGER
None,NONE (NO BIAS),,BIAS UNFOUNDED,Street/Highway/Road/Alley/Sidewalk,13322133760,Simple Assault,May 2022,27,Male,Latinx,66,Male,Black,VICTIM WAS STRANGER
None,NONE (NO BIAS),,BIAS UNFOUNDED,Street/Highway/Road/Alley/Sidewalk,23921239564,Simple Assault,August 2021,,,,48,Male,Black,
None,NONE (NO BIAS),,BIAS UNFOUNDED,Street/Highway/Road/Alley/Sidewalk,35621356934,Simple Assault,December 2021,,,,24,Female,Native American,
None,NONE (NO BIAS),,BIAS UNFOUNDED,Street/Highway/Road/Alley/Sidewalk,22720227021,Vandalism,July 2020,,,,60,Female,White,
None,NONE (NO BIAS),,BIAS UNFOUNDED,Street/Highway/Road/Alley/Sidewalk,22720227021,Vandalism,July 2020,,,,60,Male,Latinx,
None,NONE (NO BIAS),VICTIM,BIAS UNFOUNDED,Church/Synagogue/Temple/Mosque,30520305400,Vandalism,October 2020,,,,,,,
None,NONE (NO BIAS),VICTIM,BIAS UNFOUNDED,Church/Synagogue/Temple/Mosque,52302152320,Vandalism,February 2021,,,,,,,
None,NONE (NO BIAS),VICTIM,BIAS UNFOUNDED,Commercial/Office Building,92420924334,Vandalism,November 2020,,,,,,,
None,NONE (NO BIAS),VICTIM,BIAS UNFOUNDED,Grocery/Supermarket,90421904274,Vandalism,March 2021,,,,,,,
None,NONE (NO BIAS),VICTIM,BIAS UNFOUNDED,Other/Unknown,90421904272,Vandalism,March 2021,,,,,,,
None,NONE (NO BIAS),VICTIM,BIAS UNFOUNDED,Restaurant,23221232879,Aggravated Assault,August 2021,46,Female,Asian,23,Female,Latinx,RELATIONSHIP UNKNOWN
None,NONE (NO BIAS),VICTIM,BIAS UNFOUNDED,Restaurant,23221232879,Aggravated Assault,August 2021,46,Female,Asian,24,Male,Black,RELATIONSHIP UNKNOWN
None,NONE (NO BIAS),VICTIM,BIAS UNFOUNDED,Restaurant,23221232879,Aggravated Assault,August 2021,46,Female,Asian,36,Male,White,RELATIONSHIP UNKNOWN
None,NONE (NO BIAS),VICTIM,BIAS UNFOUNDED,School-Elementary/Secondary,20220202287,Vandalism,June 2020,81,Male,White,,,,
None,NONE (NO BIAS),VICTIM,BIAS UNFOUNDED,Specialty Store,17921179778,Disorderly Conduct,July 2021,30,Female,Black,,,,
None,NONE (NO BIAS),VICTIM,BIAS UNFOUNDED,Street/Highway/Road/Alley/Sidewalk,24221242750,Simple Assault,August 2021,34,Male,Latinx,54,Male,Unknown,VICTIM WAS STRANGER
None,UNKNOWN (OFFENDER'S MOTIVATION NOT KNOWN),,BIAS CRIME,Street/Highway/Road/Alley/Sidewalk,29220292890,Disorderly Conduct,September 2020,,,,,,,
None,UNKNOWN (OFFENDER'S MOTIVATION NOT KNOWN),,BIAS CRIME,Street/Highway/Road/Alley/Sidewalk,35121351768,Simple Assault,December 2021,,,,29,Female,White,
None,UNKNOWN (OFFENDER'S MOTIVATION NOT KNOWN),,BIAS CRIME,Street/Highway/Road/Alley/Sidewalk,35121351768,Simple Assault,December 2021,,,,63,Male,White,
None,UNKNOWN (OFFENDER'S MOTIVATION NOT KNOWN),,BIAS INCIDENT,Residence/Home,88702288727,Vandalism,April 2022,63,Female,White,4,Male,Black,VICTIM WAS NEIGHBOR
None,UNKNOWN (OFFENDER'S MOTIVATION NOT KNOWN),,BIAS INCIDENT,Residence/Home,88702288727,Vandalism,April 2022,63,Female,White,43,Female,White,VICTIM WAS NEIGHBOR
None,UNKNOWN (OFFENDER'S MOTIVATION NOT KNOWN),,BIAS UNFOUNDED,Residence/Home,18320183060,Vandalism,June 2020,,,,83,Male,White,
None,UNKNOWN (OFFENDER'S MOTIVATION NOT KNOWN),,BIAS UNFOUNDED,Street/Highway/Road/Alley/Sidewalk,21620216764,Vandalism,July 2020,,,,,,,
None,UNKNOWN (OFFENDER'S MOTIVATION NOT KNOWN),VICTIM,BIAS CRIME,Church/Synagogue/Temple/Mosque,19922199631,Vandalism,July 2022,,,,,,,
None,UNKNOWN (OFFENDER'S MOTIVATION NOT KNOWN),VICTIM,BIAS INCIDENT,Residence/Home,36021360341,Vandalism,December 2021,,,,,,,
None,UNKNOWN (OFFENDER'S MOTIVATION NOT KNOWN),VICTIM,BIAS UNFOUNDED,Commercial/Office Building,22520225942,Burglary,July 2020,,,,,,,
Race,ANTI-AMERICAN INDIAN/ALASKAN NATIVE,,BIAS CRIME,Street/Highway/ Road/Alley/ Sidewalk,33518335248,Simple Assault,September 2018,30,Male,White,30,Male,Unknown,VICTIM WAS STRANGER
Race,ANTI-AMERICAN INDIAN/ALASKAN NATIVE,,BIAS CRIME,Street/Highway/ Road/Alley/ Sidewalk,33518335248,Simple Assault,September 2018,30,Male,White,50,Female,White,VICTIM WAS STRANGER
Race,ANTI-ASIAN,,BIAS CRIME,Convenience Store,34420203449,Vandalism,January 2020,,,,50,Male,Asian,RELATIONSHIP UNKNOWN
Race,ANTI-ASIAN,,BIAS CRIME,Parking/Drop Lot/Garage,44619446156,Simple Assault,December 2019,22,Female,White,22,Male,Pacific Islander,VICTIM WAS STRANGER
Race,ANTI-ASIAN,,BIAS CRIME,Residence /Home,19419194640,Aggravated Assault,June 2019,30,Female,White,22,Male,Asian,VICTIM WAS NEIGHBOR
Race,ANTI-ASIAN,,BIAS CRIME,Residence /Home,19419194640,Aggravated Assault,June 2019,30,Female,White,30,Male,Asian,VICTIM WAS NEIGHBOR
Race,ANTI-ASIAN,,BIAS CRIME,Residence/Home,68121681386,Intimidation,September 2021,77,Male,White,68,Male,Asian,RELATIONSHIP UNKNOWN
Race,ANTI-ASIAN,,BIAS CRIME,Residence/Home,32821328196,Simple Assault,November 2021,33,Male,White,26,Male,Asian,VICTIM WAS ACQUAINTANCE
Race,ANTI-ASIAN,,BIAS CRIME,Residence/Home,60402160410,Vandalism,March 2021,43,Female,White,57,Male,Asian,VICTIM WAS NEIGHBOR
Race,ANTI-ASIAN,,BIAS CRIME,Street/Highway/ Road/Alley/ Sidewalk,16119161639,Simple Assault,May 2019,30,Male,White,18,Female,White,VICTIM WAS STRANGER
Race,ANTI-ASIAN,,BIAS CRIME,Street/Highway/Road/Alley/Sidewalk,17622176690,Aggravated Assault,July 2022,34,Male,White,5,Female,Asian,VICTIM WAS STRANGER
Race,ANTI-ASIAN,,BIAS CRIME,Street/Highway/Road/Alley/Sidewalk,17622176690,Aggravated Assault,July 2022,34,Male,White,36,Male,Asian,VICTIM WAS STRANGER
Race,ANTI-ASIAN,,BIAS CRIME,Street/Highway/Road/Alley/Sidewalk,18222182561,Intimidation,July 2022,54,Male,White,28,Male,Asian,RELATIONSHIP UNKNOWN
Race,ANTI-ASIAN,,BIAS CRIME,Street/Highway/Road/Alley/Sidewalk,89602289681,Simple Assault,April 2022,26,Male,White,36,Male,Asian,VICTIM WAS STRANGER
Race,ANTI-ASIAN,,BIAS INCIDENT,Amusement Park/Movie Theaters,32621326295,All Other Offenses,November 2021,21,Male,Black,52,Male,Pacific Islander,VICTIM WAS ACQUAINTANCE
Race,ANTI-ASIAN,,BIAS INCIDENT,Parking/Drop Lot/Garage,77402177454,Intimidation,March 2021,,,,38,Female,Asian,
Race,ANTI-ASIAN,,BIAS INCIDENT,Residence/Home,23421234438,,August 2021,,,,,,,
Race,ANTI-ASIAN,,BIAS INCIDENT,Residence/Home,81602181658,All Other Offenses,March 2021,,,,,,,
Race,ANTI-ASIAN,,BIAS INCIDENT,Restaurant,85802185813,,March 2021,,,,,,,
Race,ANTI-ASIAN,,BIAS INCIDENT,Street/Highway/Road/Alley/Sidewalk,36321363177,,December 2021,,,,,,,
Race,ANTI-ASIAN,,BIAS INCIDENT,Street/Highway/Road/Alley/Sidewalk,18402218451,Simple Assault,January 2022,54,Male,White,29,Female,Asian,VICTIM WAS STRANGER
Race,ANTI-ASIAN,VICTIM,BIAS INCIDENT,Specialty Store,26022260223,Burglary,September 2022,42,Male,White,,,,
Race,ANTI-BLACK or AFRICAN AMERICAN,,BIAS CRIME,Air/Bus/Train Terminal,17220172684,Aggravated Assault,May 2020,50,Male,White,66,Female,Black,VICTIM WAS STRANGER
Race,ANTI-BLACK or AFRICAN AMERICAN,,BIAS CRIME,Air/Bus/Train Terminal,35020350333,Simple Assault,November 2020,29,Female,White,47,Female,Black,RELATIONSHIP UNKNOWN
Race,ANTI-BLACK or AFRICAN AMERICAN,,BIAS CRIME,Convenience Store,29420294097,Simple Assault,September 2020,45,Male,White,46,Male,Black,RELATIONSHIP UNKNOWN
Race,ANTI-BLACK or AFRICAN AMERICAN,,BIAS CRIME,Cyberspace,80121801743,Disorderly Conduct,June 2021,,,,,,,
Race,ANTI-BLACK or AFRICAN AMERICAN,,BIAS CRIME,Other/Unknown,16221162403,Intimidation,June 2021,47,Male,White,25,Male,White,RELATIONSHIP UNKNOWN
Race,ANTI-BLACK or AFRICAN AMERICAN,,BIAS CRIME,Other/Unknown,16221162403,Intimidation,June 2021,47,Male,White,25,Male,White,VICTIM WAS ACQUAINTANCE
Race,ANTI-BLACK or AFRICAN AMERICAN,,BIAS CRIME,Other/Unknown,16221162403,Intimidation,June 2021,53,Male,Latinx,25,Male,White,RELATIONSHIP UNKNOWN
Race,ANTI-BLACK or AFRICAN AMERICAN,,BIAS CRIME,Other/Unknown,16221162403,Intimidation,June 2021,53,Male,Latinx,25,Male,White,VICTIM WAS ACQUAINTANCE
Race,ANTI-BLACK or AFRICAN AMERICAN,,BIAS CRIME,Other/Unknown,33920339421,Intimidation,November 2020,46,Male,White,32,Female,Black,RELATIONSHIP UNKNOWN
Race,ANTI-BLACK or AFRICAN AMERICAN,,BIAS CRIME,Other/Unknown,34420344675,Intimidation,November 2020,,,,62,Male,Black,
Race,ANTI-BLACK or AFRICAN AMERICAN,,BIAS CRIME,Park/Playground,28220282994,Aggravated Assault,September 2020,,,,66,Male,Black,
Race,ANTI-BLACK or AFRICAN AMERICAN,,BIAS CRIME,Parking/Drop Lot/Garage,10521105318,Aggravated Assault,April 2021,22,Male,White,39,Male,Black,RELATIONSHIP UNKNOWN
Race,ANTI-BLACK or AFRICAN AMERICAN,,BIAS CRIME,Parking/Drop Lot/Garage,27020270683,Vandalism,September 2020,,,,31,Male,White,
Race,ANTI-BLACK or AFRICAN AMERICAN,,BIAS CRIME,Parking/Drop Lot/Garage,90522905751,Vandalism,February 2022,,,,45,Male,Black,
Race,ANTI-BLACK or AFRICAN AMERICAN,,BIAS CRIME,Residence/Home,21320213781,,July 2020,,,,40,Female,Black,
Race,ANTI-BLACK or AFRICAN AMERICAN,,BIAS CRIME,Residence/Home,34702234761,Burglary,February 2022,49,Male,White,36,Male,Black,RELATIONSHIP UNKNOWN
Race,ANTI-BLACK or AFRICAN AMERICAN,,BIAS CRIME,Residence/Home,36720367400,Disorderly Conduct,December 2020,47,Male,White,35,Male,Black,
Race,ANTI-BLACK or AFRICAN AMERICAN,,BIAS CRIME,Residence/Home,13602213627,Intimidation,January 2022,50,Male,White,35,Male,White,VICTIM WAS NEIGHBOR
Race,ANTI-BLACK or AFRICAN AMERICAN,,BIAS CRIME,Residence/Home,13602213627,Intimidation,January 2022,50,Male,White,37,Female,Black,VICTIM WAS NEIGHBOR
Race,ANTI-BLACK or AFRICAN AMERICAN,,BIAS CRIME,Residence/Home,34520345501,Intimidation,November 2020,24,Male,White,32,Female,Black,VICTIM WAS STRANGER
Race,ANTI-BLACK or AFRICAN AMERICAN,,BIAS CRIME,Residence/Home,35820358621,Intimidation,December 2020,43,Male,White,41,Female,Black,RELATIONSHIP UNKNOWN
Race,ANTI-BLACK or AFRICAN AMERICAN,,BIAS CRIME,Residence/Home,38120381709,Intimidation,December 2020,48,Female,White,31,Male,Black,VICTIM WAS ACQUAINTANCE
Race,ANTI-BLACK or AFRICAN AMERICAN,,BIAS CRIME,Residence/Home,25321253230,Vandalism,September 2021,,,,52,Male,Black,
Race,ANTI-BLACK or AFRICAN AMERICAN,,BIAS CRIME,Residence/Home,25321253230,Vandalism,September 2021,,,,54,Female,Black,
Race,ANTI-BLACK or AFRICAN AMERICAN,,BIAS CRIME,Residence/Home,31921319019,Vandalism,November 2021,,,,32,Male,Black,
Race,ANTI-BLACK or AFRICAN AMERICAN,,BIAS CRIME,Restaurant,21221212634,Aggravated Assault,August 2021,35,Male,White,66,Male,Black,VICTIM WAS STRANGER
Race,ANTI-BLACK or AFRICAN AMERICAN,,BIAS CRIME,Restaurant,12421124238,Intimidation,May 2021,,,,17,Male,Black,
Race,ANTI-BLACK or AFRICAN AMERICAN,,BIAS CRIME,Restaurant,25420254849,Simple Assault,August 2020,36,Male,White,22,Male,Black,VICTIM WAS STRANGER
Race,ANTI-BLACK or AFRICAN AMERICAN,,BIAS CRIME,Restaurant,25420254849,Simple Assault,August 2020,36,Male,White,40,Male,White,RELATIONSHIP UNKNOWN
Race,ANTI-BLACK or AFRICAN AMERICAN,,BIAS CRIME,School-College/University,20220202663,Disorderly Conduct,June 2020,50,Female,White,,,,
Race,ANTI-BLACK or AFRICAN AMERICAN,,BIAS CRIME,School-Elementary/Secondary,93502193502,Simple Assault,April 2021,40,Female,Asian,16,Female,Black,VICTIM WAS STRANGER
Race,ANTI-BLACK or AFRICAN AMERICAN,,BIAS CRIME,Specialty Store,15321153711,Intimidation,June 2021,,,,27,Male,Black,
Race,ANTI-BLACK or AFRICAN AMERICAN,,BIAS CRIME,Street/Highway/Road/Alley/Sidewalk,13122131978,Aggravated Assault,May 2022,62,Female,White,32,Male,Black,VICTIM WAS STRANGER
Race,ANTI-BLACK or AFRICAN AMERICAN,,BIAS CRIME,Street/Highway/Road/Alley/Sidewalk,13122131978,Aggravated Assault,May 2022,62,Female,White,34,Male,Black,VICTIM WAS STRANGER
Race,ANTI-BLACK or AFRICAN AMERICAN,,BIAS CRIME,Street/Highway/Road/Alley/Sidewalk,14721147776,Aggravated Assault,June 2021,40,Male,White,47,Male,Black,RELATIONSHIP UNKNOWN
Race,ANTI-BLACK or AFRICAN AMERICAN,,BIAS CRIME,Street/Highway/Road/Alley/Sidewalk,69402169443,Aggravated Assault,March 2021,65,Male,White,51,Male,Pacific Islander,VICTIM WAS ACQUAINTANCE
Race,ANTI-BLACK or AFRICAN AMERICAN,,BIAS CRIME,Street/Highway/Road/Alley/Sidewalk,14022140021,Intimidation,May 2022,37,Male,Latinx,41,Female,Black,RELATIONSHIP UNKNOWN
Race,ANTI-BLACK or AFRICAN AMERICAN,,BIAS CRIME,Street/Highway/Road/Alley/Sidewalk,14022140021,Intimidation,May 2022,37,Male,Latinx,41,Female,Black,VICTIM WAS STRANGER
Race,ANTI-BLACK or AFRICAN AMERICAN,,BIAS CRIME,Street/Highway/Road/Alley/Sidewalk,14022140021,Intimidation,May 2022,37,Male,Latinx,61,Female,Black,RELATIONSHIP UNKNOWN
Race,ANTI-BLACK or AFRICAN AMERICAN,,BIAS CRIME,Street/Highway/Road/Alley/Sidewalk,14022140021,Intimidation,May 2022,37,Male,Latinx,61,Female,Black,VICTIM WAS STRANGER
Race,ANTI-BLACK or AFRICAN AMERICAN,,BIAS CRIME,Street/Highway/Road/Alley/Sidewalk,14022140021,Intimidation,May 2022,49,Male,White,41,Female,Black,RELATIONSHIP UNKNOWN
Race,ANTI-BLACK or AFRICAN AMERICAN,,BIAS CRIME,Street/Highway/Road/Alley/Sidewalk,14022140021,Intimidation,May 2022,49,Male,White,41,Female,Black,VICTIM WAS STRANGER
Race,ANTI-BLACK or AFRICAN AMERICAN,,BIAS CRIME,Street/Highway/Road/Alley/Sidewalk,14022140021,Intimidation,May 2022,49,Male,White,61,Female,Black,RELATIONSHIP UNKNOWN
Race,ANTI-BLACK or AFRICAN AMERICAN,,BIAS CRIME,Street/Highway/Road/Alley/Sidewalk,14022140021,Intimidation,May 2022,49,Male,White,61,Female,Black,VICTIM WAS STRANGER
Race,ANTI-BLACK or AFRICAN AMERICAN,,BIAS CRIME,Street/Highway/Road/Alley/Sidewalk,16821168173,Intimidation,June 2021,32,Male,White,42,Male,Black,VICTIM WAS STRANGER
Race,ANTI-BLACK or AFRICAN AMERICAN,,BIAS CRIME,Street/Highway/Road/Alley/Sidewalk,34220342968,Intimidation,November 2020,74,Male,White,44,Male,Black,RELATIONSHIP UNKNOWN
Race,ANTI-BLACK or AFRICAN AMERICAN,,BIAS CRIME,Street/Highway/Road/Alley/Sidewalk,68402168497,Intimidation,March 2021,53,Male,White,30,Male,Black,VICTIM WAS STRANGER
Race,ANTI-BLACK or AFRICAN AMERICAN,,BIAS CRIME,Street/Highway/Road/Alley/Sidewalk,14621146360,Simple Assault,May 2021,51,Male,White,,,,
Race,ANTI-BLACK or AFRICAN AMERICAN,,BIAS CRIME,Street/Highway/Road/Alley/Sidewalk,23720237215,Simple Assault,July 2020,28,Male,White,41,Male,Black,
Race,ANTI-BLACK or AFRICAN AMERICAN,,BIAS CRIME,Street/Highway/Road/Alley/Sidewalk,38002238034,Simple Assault,February 2022,33,Male,White,34,Male,Black,RELATIONSHIP UNKNOWN
Race,ANTI-BLACK or AFRICAN AMERICAN,,BIAS CRIME,Street/Highway/Road/Alley/Sidewalk,49102149173,Vandalism,February 2021,53,Male,White,67,Male,Black,VICTIM WAS ACQUAINTANCE
Race,ANTI-BLACK or AFRICAN AMERICAN,,BIAS INCIDENT,Air/Bus/Train Terminal,31321313080,Simple Assault,November 2021,43,Male,Latinx,26,Male,Black,VICTIM WAS STRANGER
Race,ANTI-BLACK or AFRICAN AMERICAN,,BIAS INCIDENT,Bank/Savings and Loan,14822148821,False Pretenses/Swindle/Confidence Game,June 2022,62,Female,U,41,Male,Black,VICTIM WAS ACQUAINTANCE
Race,ANTI-BLACK or AFRICAN AMERICAN,,BIAS INCIDENT,Commercial/Office Building,19302219317,All Other Offenses,January 2022,,,,,,,
Race,ANTI-BLACK or AFRICAN AMERICAN,,BIAS INCIDENT,Commercial/Office Building,19822198271,Disorderly Conduct,July 2022,,,,,,,
Race,ANTI-BLACK or AFRICAN AMERICAN,,BIAS INCIDENT,Commercial/Office Building,20620206476,Disorderly Conduct,June 2020,,,,,,,
Race,ANTI-BLACK or AFRICAN AMERICAN,,BIAS INCIDENT,Convenience Store,23120231358,Simple Assault,July 2020,,,,29,Female,Black,
Race,ANTI-BLACK or AFRICAN AMERICAN,,BIAS INCIDENT,Convenience Store,89802289836,Simple Assault,April 2022,29,Female,Black,49,Female,White,RELATIONSHIP UNKNOWN
Race,ANTI-BLACK or AFRICAN AMERICAN,,BIAS INCIDENT,Department/Discount Store,32921329226,Simple Assault,November 2021,61,Male,White,30,Male,Black,VICTIM WAS STRANGER
Race,ANTI-BLACK or AFRICAN AMERICAN,,BIAS INCIDENT,Grocery/Supermarket,22502222514,,January 2022,,,,,,,
Race,ANTI-BLACK or AFRICAN AMERICAN,,BIAS INCIDENT,Grocery/Supermarket,20722207403,Aggravated Assault,August 2022,34,Male,White,47,Male,Black,RELATIONSHIP UNKNOWN
Race,ANTI-BLACK or AFRICAN AMERICAN,,BIAS INCIDENT,Other/Unknown,20722207369,,August 2022,37,Male,White,41,Male,White,VICTIM WAS STRANGER
Race,ANTI-BLACK or AFRICAN AMERICAN,,BIAS INCIDENT,Park/Playground,68702168722,,March 2021,,,,,,,
Race,ANTI-BLACK or AFRICAN AMERICAN,,BIAS INCIDENT,Parking/Drop Lot/Garage,32821328853,,November 2021,,,,,,,
Race,ANTI-BLACK or AFRICAN AMERICAN,,BIAS INCIDENT,Parking/Drop Lot/Garage,29221292646,Intimidation,October 2021,60,Male,White,32,Male,Black,VICTIM WAS NEIGHBOR
Race,ANTI-BLACK or AFRICAN AMERICAN,,BIAS INCIDENT,Parking/Drop Lot/Garage,29221292646,Intimidation,October 2021,60,Male,White,48,Female,Black,VICTIM WAS NEIGHBOR
Race,ANTI-BLACK or AFRICAN AMERICAN,,BIAS INCIDENT,Parking/Drop Lot/Garage,36302236347,Vandalism,February 2022,32,Male,White,26,Female,Black,RELATIONSHIP UNKNOWN
Race,ANTI-BLACK or AFRICAN AMERICAN,,BIAS INCIDENT,Residence/Home,20521205115,,July 2021,39,Female,White,53,Male,Black,RELATIONSHIP UNKNOWN
Race,ANTI-BLACK or AFRICAN AMERICAN,,BIAS INCIDENT,Residence/Home,22822228524,,August 2022,43,Male,Latinx,,,,
Race,ANTI-BLACK or AFRICAN AMERICAN,,BIAS INCIDENT,Residence/Home,24821248619,,September 2021,,,,,,,
Race,ANTI-BLACK or AFRICAN AMERICAN,,BIAS INCIDENT,Residence/Home,29921299071,,October 2021,,,,,,,
Race,ANTI-BLACK or AFRICAN AMERICAN,,BIAS INCIDENT,Residence/Home,85202285284,,March 2022,,,,,,,
Race,ANTI-BLACK or AFRICAN AMERICAN,,BIAS INCIDENT,Residence/Home,90902290919,,April 2022,,,,,,,
Race,ANTI-BLACK or AFRICAN AMERICAN,,BIAS INCIDENT,Residence/Home,26120261219,Intimidation,August 2020,,,,32,Female,Black,
Race,ANTI-BLACK or AFRICAN AMERICAN,,BIAS INCIDENT,Residence/Home,26120261219,Intimidation,August 2020,,,,58,Female,Black,
Race,ANTI-BLACK or AFRICAN AMERICAN,,BIAS INCIDENT,Residence/Home,22322223104,Simple Assault,August 2022,55,Male,White,58,Female,White,VICTIM WAS EX-BOYFRIEND/EX-GIRLFRIEND
Race,ANTI-BLACK or AFRICAN AMERICAN,,BIAS INCIDENT,Residence/Home,21922219339,Vandalism,August 2022,65,Male,White,27,Female,Black,VICTIM WAS NEIGHBOR
Race,ANTI-BLACK or AFRICAN AMERICAN,,BIAS INCIDENT,Residence/Home,21922219339,Vandalism,August 2022,65,Male,White,31,Male,Black,VICTIM WAS NEIGHBOR
Race,ANTI-BLACK or AFRICAN AMERICAN,,BIAS INCIDENT,Restaurant,10821108200,Intimidation,April 2021,,,,35,Male,Black,
Race,ANTI-BLACK or AFRICAN AMERICAN,,BIAS INCIDENT,School-College/University,25422254683,,September 2022,,,,13,Female,Black,
Race,ANTI-BLACK or AFRICAN AMERICAN,,BIAS INCIDENT,School-College/University,25422254683,,September 2022,11,Male,White,13,Female,Black,
Race,ANTI-BLACK or AFRICAN AMERICAN,,BIAS INCIDENT,School-College/University,37802237875,,February 2022,,,,,,,
Race,ANTI-BLACK or AFRICAN AMERICAN,,BIAS INCIDENT,School-Elementary/Secondary,10522105922,Aggravated Assault,April 2022,,,,13,Female,White,VICTIM WAS ACQUAINTANCE
Race,ANTI-BLACK or AFRICAN AMERICAN,,BIAS INCIDENT,Street/Highway/Road/Alley/Sidewalk,11721117689,,May 2021,,,,,,,
Race,ANTI-BLACK or AFRICAN AMERICAN,,BIAS INCIDENT,Street/Highway/Road/Alley/Sidewalk,12922129799,,May 2022,,,,,,,
Race,ANTI-BLACK or AFRICAN AMERICAN,,BIAS INCIDENT,Street/Highway/Road/Alley/Sidewalk,14621146919,,May 2021,,,,,,,
Race,ANTI-BLACK or AFRICAN AMERICAN,,BIAS INCIDENT,Street/Highway/Road/Alley/Sidewalk,21722217313,,August 2022,68,Female,White,37,Female,Black,VICTIM WAS STRANGER
Race,ANTI-BLACK or AFRICAN AMERICAN,,BIAS INCIDENT,Street/Highway/Road/Alley/Sidewalk,23522235814,,September 2022,,,,,,,
Race,ANTI-BLACK or AFRICAN AMERICAN,,BIAS INCIDENT,Street/Highway/Road/Alley/Sidewalk,23721237370,,August 2021,,,,,,,
Race,ANTI-BLACK or AFRICAN AMERICAN,,BIAS INCIDENT,Street/Highway/Road/Alley/Sidewalk,23921239406,,October 2021,,,,39,Male,Unknown,
Race,ANTI-BLACK or AFRICAN AMERICAN,,BIAS INCIDENT,Street/Highway/Road/Alley/Sidewalk,31221312762,,November 2021,,,,,,,
Race,ANTI-BLACK or AFRICAN AMERICAN,,BIAS INCIDENT,Street/Highway/Road/Alley/Sidewalk,63602263646,,March 2022,,,,,,,
Race,ANTI-BLACK or AFRICAN AMERICAN,,BIAS INCIDENT,Street/Highway/Road/Alley/Sidewalk,90322903864,,February 2022,,,,,,,
Race,ANTI-BLACK or AFRICAN AMERICAN,,BIAS INCIDENT,Street/Highway/Road/Alley/Sidewalk,98102298156,,April 2022,,,,,,,
Race,ANTI-BLACK or AFRICAN AMERICAN,,BIAS INCIDENT,Street/Highway/Road/Alley/Sidewalk,16122161187,All Other Offenses,June 2022,,,,,,,
Race,ANTI-BLACK or AFRICAN AMERICAN,,BIAS INCIDENT,Street/Highway/Road/Alley/Sidewalk,19422194577,Disorderly Conduct,July 2022,41,Male,White,54,Male,Black,VICTIM WAS STRANGER
Race,ANTI-BLACK or AFRICAN AMERICAN,,BIAS INCIDENT,Street/Highway/Road/Alley/Sidewalk,21722217883,Disorderly Conduct,August 2022,58,Male,White,,,,
Race,ANTI-BLACK or AFRICAN AMERICAN,,BIAS INCIDENT,Street/Highway/Road/Alley/Sidewalk,96602296617,Disorderly Conduct,April 2022,44,Male,White,67,Male,Black,VICTIM WAS STRANGER
Race,ANTI-BLACK or AFRICAN AMERICAN,,BIAS INCIDENT,Street/Highway/Road/Alley/Sidewalk,27821278618,Intimidation,October 2021,49,Male,White,25,Female,Black,VICTIM WAS STRANGER
Race,ANTI-BLACK or AFRICAN AMERICAN,,BIAS INCIDENT,Street/Highway/Road/Alley/Sidewalk,11922119374,Simple Assault,May 2022,48,Female,Black,57,Female,White,VICTIM WAS OTHERWISE KNOWN
Race,ANTI-BLACK or AFRICAN AMERICAN,,BIAS INCIDENT,Street/Highway/Road/Alley/Sidewalk,19822198275,Simple Assault,July 2022,24,Female,Black,44,Female,White,VICTIM WAS OTHERWISE KNOWN
Race,ANTI-BLACK or AFRICAN AMERICAN,,BIAS INCIDENT,Street/Highway/Road/Alley/Sidewalk,24222242617,Simple Assault,September 2022,16,Female,Black,77,Female,White,VICTIM WAS STRANGER
Race,ANTI-BLACK or AFRICAN AMERICAN,,BIAS INCIDENT,Street/Highway/Road/Alley/Sidewalk,29620296914,Simple Assault,September 2020,,,,40,Male,Latinx,RELATIONSHIP UNKNOWN
Race,ANTI-BLACK or AFRICAN AMERICAN,,BIAS INCIDENT,Street/Highway/Road/Alley/Sidewalk,30621306841,Simple Assault,November 2021,49,Male,White,56,Male,Black,VICTIM WAS STRANGER
Race,ANTI-BLACK or AFRICAN AMERICAN,,BIAS INCIDENT,Street/Highway/Road/Alley/Sidewalk,11821118751,Warrant/Detainer,May 2021,36,Male,White,,,,
Race,ANTI-BLACK or AFRICAN AMERICAN,,BIAS UNFOUNDED,Construction Site,92520925085,,December 2020,,,,,,,
Race,ANTI-BLACK or AFRICAN AMERICAN,,BIAS UNFOUNDED,Parking/Drop Lot/Garage,68120681903,Disorderly Conduct,June 2020,53,Female,White,32,Female,White,VICTIM WAS STRANGER
Race,ANTI-BLACK or AFRICAN AMERICAN,,BIAS UNFOUNDED,Residence/Home,20220202630,Intimidation,June 2020,75,Female,White,50,Female,Black,RELATIONSHIP UNKNOWN
Race,ANTI-BLACK or AFRICAN AMERICAN,,BIAS UNFOUNDED,Street/Highway/Road/Alley/Sidewalk,20620206422,Disorderly Conduct,June 2020,,,,,,,
Race,ANTI-BLACK or AFRICAN AMERICAN,,BIAS UNFOUNDED,Street/Highway/Road/Alley/Sidewalk,20320203077,Robbery,June 2020,,,,25,Male,Black,
Race,ANTI-BLACK or AFRICAN AMERICAN,,BIAS UNFOUNDED,Street/Highway/Road/Alley/Sidewalk,19520195641,Simple Assault,June 2020,39,Male,White,46,Male,White,VICTIM WAS STRANGER
Race,ANTI-BLACK or AFRICAN AMERICAN,,BIAS UNFOUNDED,Street/Highway/Road/Alley/Sidewalk,19520195641,Simple Assault,June 2020,39,Male,White,63,Male,White,VICTIM WAS STRANGER
Race,ANTI-BLACK or AFRICAN AMERICAN,VICTIM,BIAS CRIME,Bank/Savings and Loan,19922199430,Intimidation,July 2022,40,Male,White,59,Female,Latinx,VICTIM WAS STRANGER
Race,ANTI-BLACK or AFRICAN AMERICAN,VICTIM,BIAS CRIME,Other/Unknown,24202124283,Simple Assault,January 2021,37,Male,White,42,Female,Black,VICTIM WAS STRANGER
Race,ANTI-BLACK or AFRICAN AMERICAN,VICTIM,BIAS CRIME,Residence/Home,17820178216,Vandalism,May 2020,,,,,,,
Race,ANTI-BLACK or AFRICAN AMERICAN,VICTIM,BIAS CRIME,Restaurant,25420254849,Simple Assault,August 2020,36,Male,White,22,Male,Black,VICTIM WAS STRANGER
Race,ANTI-BLACK or AFRICAN AMERICAN,VICTIM,BIAS CRIME,Restaurant,25420254849,Simple Assault,August 2020,36,Male,White,40,Male,White,RELATIONSHIP UNKNOWN
Race,ANTI-BLACK or AFRICAN AMERICAN,VICTIM,BIAS CRIME,School-Elementary/Secondary,44402144467,Intimidation,February 2021,20,Male,White,70,Male,White,RELATIONSHIP UNKNOWN
Race,ANTI-BLACK or AFRICAN AMERICAN,VICTIM,BIAS CRIME,School-Elementary/Secondary,44402144467,Intimidation,February 2021,40,Male,White,70,Male,White,RELATIONSHIP UNKNOWN
Race,ANTI-BLACK OR AFRICAN AMERICAN,,BIAS CRIME,Air/Bus/Train Terminal,19417194365,Aggravated Assault,June 2017,30,Male,Latinx,30,Male,Black,VICTIM WAS STRANGER
Race,ANTI-BLACK OR AFRICAN AMERICAN,,BIAS CRIME,Air/Bus/Train Terminal,14018140909,Simple Assault,April 2018,50,Female,White,30,Male,Black,VICTIM WAS STRANGER
Race,ANTI-BLACK OR AFRICAN AMERICAN,,BIAS CRIME,Commercial/Office Building,35719357744,Simple Assault,October 2019,50,Male,White,22,Female,Black,VICTIM WAS STRANGER
Race,ANTI-BLACK OR AFRICAN AMERICAN,,BIAS CRIME,Convenience Store,91101991123,Intimidation,March 2019,30,Male,White,30,Male,Pacific Islander,VICTIM WAS ACQUAINTANCE
Race,ANTI-BLACK OR AFRICAN AMERICAN,,BIAS CRIME,Park/Playground,26118261762,Disorderly Conduct,August 2018,,Male,White,30,Male,Black,VICTIM WAS STRANGER
Race,ANTI-BLACK OR AFRICAN AMERICAN,,BIAS CRIME,Parking/Drop Lot/Garage,31517315963,Intimidation,September 2017,30,Male,White,50,Male,Black,VICTIM WAS STRANGER
Race,ANTI-BLACK OR AFRICAN AMERICAN,,BIAS CRIME,Residence /Home,30316303540,Aggravated Assault,September 2016,50,Female,White,30,Female,Black,VICTIM WAS NEIGHBOR
Race,ANTI-BLACK OR AFRICAN AMERICAN,,BIAS CRIME,Residence /Home,30316303540,Aggravated Assault,September 2016,50,Female,White,65,Female,Black,VICTIM WAS NEIGHBOR
Race,ANTI-BLACK OR AFRICAN AMERICAN,,BIAS CRIME,Residence /Home,44019440100,Aggravated Assault,December 2019,30,Male,White,30,Male,Black,VICTIM WAS OTHERWISE KNOWN
Race,ANTI-BLACK OR AFRICAN AMERICAN,,BIAS CRIME,Residence /Home,44019440100,Aggravated Assault,December 2019,30,Male,White,30,Male,White,VICTIM WAS OTHERWISE KNOWN
Race,ANTI-BLACK OR AFRICAN AMERICAN,,BIAS CRIME,Residence /Home,43018430327,Simple Assault,December 2018,20,Female,White,22,Female,Black,VICTIM WAS STRANGER
Race,ANTI-BLACK OR AFRICAN AMERICAN,,BIAS CRIME,Residence /Home,70701970771,Simple Assault,March 2019,50,Female,White,30,Female,Black,VICTIM WAS STRANGER
Race,ANTI-BLACK OR AFRICAN AMERICAN,,BIAS CRIME,Residence /Home,70701970771,Simple Assault,March 2019,50,Female,White,30,Male,Black,VICTIM WAS STRANGER
Race,ANTI-BLACK OR AFRICAN AMERICAN,,BIAS CRIME,Residence /Home,22716227314,Vandalism,July 2016,,,,30,Male,Black,RELATIONSHIP UNKNOWN
Race,ANTI-BLACK OR AFRICAN AMERICAN,,BIAS CRIME,Service/Gas Station,13418134119,Aggravated Assault,April 2018,30,Male,White,65,Female,Black,VICTIM WAS STRANGER
Race,ANTI-BLACK OR AFRICAN AMERICAN,,BIAS CRIME,Street/Highway/ Road/Alley/ Sidewalk,29118291828,Aggravated Assault,August 2018,30,Male,Latinx,50,Female,Black,RELATIONSHIP UNKNOWN
Race,ANTI-BLACK OR AFRICAN AMERICAN,,BIAS CRIME,Street/Highway/ Road/Alley/ Sidewalk,41619416436,Aggravated Assault,December 2019,32,Female,Latinx,22,Female,Black,VICTIM WAS STRANGER
Race,ANTI-BLACK OR AFRICAN AMERICAN,,BIAS CRIME,Street/Highway/ Road/Alley/ Sidewalk,41801941883,Aggravated Assault,February 2019,22,Male,Latinx,30,Female,Black,VICTIM WAS STRANGER
Race,ANTI-BLACK OR AFRICAN AMERICAN,,BIAS CRIME,Street/Highway/ Road/Alley/ Sidewalk,28819288775,Disorderly Conduct,August 2019,,,,30,Female,Black,RELATIONSHIP UNKNOWN
Race,ANTI-BLACK OR AFRICAN AMERICAN,,BIAS CRIME,Street/Highway/ Road/Alley/ Sidewalk,56702056748,Disorderly Conduct,February 2020,50,Male,White,15,Female,Black,VICTIM WAS STRANGER
Race,ANTI-BLACK OR AFRICAN AMERICAN,,BIAS CRIME,Street/Highway/ Road/Alley/ Sidewalk,56702056748,Disorderly Conduct,February 2020,50,Male,White,30,Female,White,VICTIM WAS STRANGER
Race,ANTI-BLACK OR AFRICAN AMERICAN,,BIAS CRIME,Street/Highway/ Road/Alley/ Sidewalk,76301776331,Intimidation,March 2017,30,Male,White,30,Female,Black,RELATIONSHIP UNKNOWN
Race,ANTI-BLACK OR AFRICAN AMERICAN,,BIAS CRIME,Street/Highway/ Road/Alley/ Sidewalk,72201672274,Robbery,March 2016,22,Male,White,30,Female,White,RELATIONSHIP UNKNOWN
Race,ANTI-BLACK OR AFRICAN AMERICAN,,BIAS CRIME,Street/Highway/ Road/Alley/ Sidewalk,72201672274,Robbery,March 2016,22,Male,White,30,Male,Black,RELATIONSHIP UNKNOWN
Race,ANTI-BLACK OR AFRICAN AMERICAN,,BIAS CRIME,Street/Highway/ Road/Alley/ Sidewalk,17319173708,Simple Assault,May 2019,30,Female,White,22,Male,Black,VICTIM WAS ACQUAINTANCE
Race,ANTI-BLACK OR AFRICAN AMERICAN,,BIAS CRIME,Street/Highway/ Road/Alley/ Sidewalk,28619286683,Simple Assault,August 2019,30,Male,White,22,Male,Black,VICTIM WAS STRANGER
Race,ANTI-BLACK OR AFRICAN AMERICAN,,BIAS CRIME,Street/Highway/ Road/Alley/ Sidewalk,28919289228,Simple Assault,August 2019,22,Female,White,22,Female,Black,VICTIM WAS STRANGER
Race,ANTI-BLACK OR AFRICAN AMERICAN,,BIAS CRIME,Street/Highway/ Road/Alley/ Sidewalk,30119301186,Simple Assault,September 2019,50,Male,White,22,Male,White,VICTIM WAS STRANGER
Race,ANTI-BLACK OR AFRICAN AMERICAN,,BIAS CRIME,Street/Highway/ Road/Alley/ Sidewalk,70301970369,Simple Assault,March 2019,30,Male,White,65,Female,Black,VICTIM WAS STRANGER
Race,ANTI-BLACK OR AFRICAN AMERICAN,,BIAS CRIME,Street/Highway/ Road/Alley/ Sidewalk,98420209841,Simple Assault,January 2020,22,Female,Black,50,Female,Black,VICTIM WAS STRANGER
Race,ANTI-BLACK OR AFRICAN AMERICAN,,BIAS CRIME,Street/Highway/ Road/Alley/ Sidewalk,12318123675,Vandalism,April 2018,,Male,White,30,Male,Black,VICTIM WAS STRANGER
Race,ANTI-BLACK OR AFRICAN AMERICAN,,BIAS CRIME,Street/Highway/ Road/Alley/ Sidewalk,31218312187,Vandalism,September 2018,,,,65,Female,Black,RELATIONSHIP UNKNOWN
Race,ANTI-BLACK OR AFRICAN AMERICAN,VICTIM,BIAS CRIME,Church/Synagogue/ Temple/Mosque,12117121818,Vandalism,April 2017,,,,,,,
Race,ANTI-BLACK OR AFRICAN AMERICAN,VICTIM,BIAS CRIME,Church/Synagogue/ Temple/Mosque,40916409311,Vandalism,December 2016,,,,,,,
Race,ANTI-BLACK OR AFRICAN AMERICAN,VICTIM,BIAS CRIME,Restaurant,36119361011,Vandalism,October 2019,,,,,,,RELATIONSHIP UNKNOWN
Race,"ANTI-MULTIPLE RACES, GROUP",,BIAS CRIME,Air/Bus/Train Terminal,68017680671,Intimidation,May 2017,30,Male,White,18,Female,Black,RELATIONSHIP UNKNOWN
Race,"ANTI-MULTIPLE RACES, GROUP",,BIAS CRIME,Air/Bus/Train Terminal,68017680672,Intimidation,May 2017,,,,16,Female,Black,RELATIONSHIP UNKNOWN
Race,ANTI-OTHER RACE/ETHNICITY/ANCESTRY,,BIAS CRIME,Air/Bus/Train Terminal,10116101804,Simple Assault,April 2016,50,Female,White,18,Male,White,VICTIM WAS STRANGER
Race,ANTI-OTHER RACE/ETHNICITY/ANCESTRY,,BIAS CRIME,Convenience Store,84501884593,Aggravated Assault,March 2018,50,Male,White,30,Female,White,VICTIM WAS OTHERWISE KNOWN
Race,ANTI-OTHER RACE/ETHNICITY/ANCESTRY,,BIAS CRIME,Convenience Store,43315433462,Intimidation,December 2015,,Male,,30,Male,Asian,VICTIM WAS STRANGER
Race,ANTI-OTHER RACE/ETHNICITY/ANCESTRY,,BIAS CRIME,Street/Highway/ Road/Alley/ Sidewalk,29219292106,Aggravated Assault,August 2019,30,Male,Black,22,Male,White,VICTIM WAS STRANGER
Race,ANTI-OTHER RACE/ETHNICITY/ANCESTRY,,BIAS CRIME,Street/Highway/ Road/Alley/ Sidewalk,38717387499,Intimidation,November 2017,22,Male,,50,Female,White,VICTIM WAS STRANGER
Race,ANTI-WHITE,,BIAS CRIME,Air/Bus/Train Terminal,10620106672,Aggravated Assault,April 2020,44,Male,White,44,Male,White,VICTIM WAS STRANGER
Race,ANTI-WHITE,,BIAS CRIME,Air/Bus/Train Terminal,10620106672,Aggravated Assault,April 2020,58,Male,White,44,Male,White,VICTIM WAS STRANGER
Race,ANTI-WHITE,,BIAS CRIME,Air/Bus/Train Terminal,21402021405,Simple Assault,January 2020,30,Female,Black,30,Female,White,VICTIM WAS STRANGER
Race,ANTI-WHITE,,BIAS CRIME,Air/Bus/Train Terminal,28220282350,Simple Assault,September 2020,,,,39,Female,White,
Race,ANTI-WHITE,,BIAS CRIME,Bank/Savings and Loan,21520215360,Simple Assault,July 2020,59,Male,White,32,Male,White,VICTIM WAS STRANGER
Race,ANTI-WHITE,,BIAS CRIME,Park/Playground,23820238430,Aggravated Assault,July 2020,,,,30,Male,White,
Race,ANTI-WHITE,,BIAS CRIME,Park/Playground,23820238430,Aggravated Assault,July 2020,,,,50,Female,White,
Race,ANTI-WHITE,,BIAS CRIME,Park/Playground,27520275654,Intimidation,September 2020,44,Female,White,46,Male,White,RELATIONSHIP UNKNOWN
Race,ANTI-WHITE,,BIAS CRIME,Parking/Drop Lot/Garage,34821348592,Aggravated Assault,December 2021,26,Female,Black,25,Male,Latinx,RELATIONSHIP UNKNOWN
Race,ANTI-WHITE,,BIAS CRIME,Parking/Drop Lot/Garage,34821348592,Aggravated Assault,December 2021,28,Male,Black,25,Male,Latinx,RELATIONSHIP UNKNOWN
Race,ANTI-WHITE,,BIAS CRIME,Parking/Drop Lot/Garage,10621106996,Intimidation,April 2021,59,Female,White,30,Female,White,VICTIM WAS NEIGHBOR
Race,ANTI-WHITE,,BIAS CRIME,Parking/Drop Lot/Garage,12416124702,Simple Assault,April 2016,18,Female,Black,22,Female,White,VICTIM WAS STRANGER
Race,ANTI-WHITE,,BIAS CRIME,Residence /Home,25518255019,Robbery,July 2018,,Female,Black,16,Female,Latinx,VICTIM WAS STRANGER
Race,ANTI-WHITE,,BIAS CRIME,Residence /Home,25518255019,Robbery,July 2018,,Female,Black,16,Female,White,VICTIM WAS STRANGER
Race,ANTI-WHITE,,BIAS CRIME,Residence /Home,25518255019,Robbery,July 2018,,Female,Black,16,Male,Black,VICTIM WAS STRANGER
Race,ANTI-WHITE,,BIAS CRIME,Residence /Home,25518255019,Robbery,July 2018,,Female,Black,18,Female,White,VICTIM WAS STRANGER
Race,ANTI-WHITE,,BIAS CRIME,Residence /Home,25518255019,Robbery,July 2018,,Female,Black,18,Male,Black,VICTIM WAS STRANGER
Race,ANTI-WHITE,,BIAS CRIME,Residence /Home,25518255019,Robbery,July 2018,,Female,Black,18,Male,White,VICTIM WAS STRANGER
Race,ANTI-WHITE,,BIAS CRIME,Residence /Home,25518255019,Robbery,July 2018,,Male,Black,16,Female,Latinx,VICTIM WAS STRANGER
Race,ANTI-WHITE,,BIAS CRIME,Residence /Home,25518255019,Robbery,July 2018,,Male,Black,16,Female,White,VICTIM WAS STRANGER
Race,ANTI-WHITE,,BIAS CRIME,Residence /Home,25518255019,Robbery,July 2018,,Male,Black,16,Male,Black,VICTIM WAS STRANGER
Race,ANTI-WHITE,,BIAS CRIME,Residence /Home,25518255019,Robbery,July 2018,,Male,Black,18,Female,White,VICTIM WAS STRANGER
Race,ANTI-WHITE,,BIAS CRIME,Residence /Home,25518255019,Robbery,July 2018,,Male,Black,18,Male,Black,VICTIM WAS STRANGER
Race,ANTI-WHITE,,BIAS CRIME,Residence /Home,25518255019,Robbery,July 2018,,Male,Black,18,Male,White,VICTIM WAS STRANGER
Race,ANTI-WHITE,,BIAS CRIME,Residence/Home,15320153806,Simple Assault,May 2020,29,Male,Native American,15,Female,White,VICTIM WAS STRANGER
Race,ANTI-WHITE,,BIAS CRIME,Residence/Home,20922209697,Simple Assault,August 2022,19,Female,Black,31,Female,White,RELATIONSHIP UNKNOWN
Race,ANTI-WHITE,,BIAS CRIME,Residence/Home,21720217170,Vandalism,July 2020,39,Male,White,50,Female,White,VICTIM WAS ACQUAINTANCE
Race,ANTI-WHITE,,BIAS CRIME,Restaurant,40415404351,Robbery,November 2015,65,Male,Black,30,Male,White,RELATIONSHIP UNKNOWN
Race,ANTI-WHITE,,BIAS CRIME,Street/Highway/ Road/Alley/ Sidewalk,21819218754,Aggravated Assault,June 2019,22,Female,Black,22,Male,White,VICTIM WAS STRANGER
Race,ANTI-WHITE,,BIAS CRIME,Street/Highway/ Road/Alley/ Sidewalk,21819218754,Aggravated Assault,June 2019,22,Female,Black,65,Female,White,VICTIM WAS STRANGER
Race,ANTI-WHITE,,BIAS CRIME,Street/Highway/ Road/Alley/ Sidewalk,26319263480,Aggravated Assault,August 2019,,Female,,30,Female,White,VICTIM WAS STRANGER
Race,ANTI-WHITE,,BIAS CRIME,Street/Highway/ Road/Alley/ Sidewalk,26319263480,Aggravated Assault,August 2019,,Female,,30,Male,White,VICTIM WAS STRANGER
Race,ANTI-WHITE,,BIAS CRIME,Street/Highway/ Road/Alley/ Sidewalk,26319263480,Aggravated Assault,August 2019,22,Female,Black,30,Female,White,VICTIM WAS STRANGER
Race,ANTI-WHITE,,BIAS CRIME,Street/Highway/ Road/Alley/ Sidewalk,26319263480,Aggravated Assault,August 2019,22,Female,Black,30,Male,White,VICTIM WAS STRANGER
Race,ANTI-WHITE,,BIAS CRIME,Street/Highway/ Road/Alley/ Sidewalk,40702040760,Simple Assault,February 2020,30,Male,Black,50,Male,White,VICTIM WAS STRANGER
Race,ANTI-WHITE,,BIAS CRIME,Street/Highway/ Road/Alley/ Sidewalk,42618426951,Simple Assault,December 2018,15,Male,Black,65,Male,White,VICTIM WAS STRANGER
Race,ANTI-WHITE,,BIAS CRIME,Street/Highway/Road/Alley/Sidewalk,25820258453,Aggravated Assault,August 2020,38,Female,Black,52,Female,White,VICTIM WAS ACQUAINTANCE
Race,ANTI-WHITE,,BIAS CRIME,Street/Highway/Road/Alley/Sidewalk,75102175126,Intimidation,March 2021,46,Female,White,40,Male,White,VICTIM WAS STRANGER
Race,ANTI-WHITE,,BIAS CRIME,Street/Highway/Road/Alley/Sidewalk,18220182151,Robbery,June 2020,64,Male,White,45,Female,White,VICTIM WAS STRANGER
Race,ANTI-WHITE,,BIAS CRIME,Street/Highway/Road/Alley/Sidewalk,23320233457,Robbery,July 2020,38,Male,White,39,Male,White,VICTIM WAS FRIEND
Race,ANTI-WHITE,,BIAS CRIME,Street/Highway/Road/Alley/Sidewalk,23320233457,Robbery,July 2020,38,Male,White,48,Male,White,VICTIM WAS STRANGER
Race,ANTI-WHITE,,BIAS CRIME,Street/Highway/Road/Alley/Sidewalk,15521155150,Simple Assault,June 2021,29,Male,Black,49,Male,White,VICTIM WAS STRANGER
Race,ANTI-WHITE,,BIAS CRIME,Street/Highway/Road/Alley/Sidewalk,18620186618,Simple Assault,June 2020,54,Male,Latinx,55,Male,White,VICTIM WAS STRANGER
Race,ANTI-WHITE,,BIAS CRIME,Street/Highway/Road/Alley/Sidewalk,28020280729,Simple Assault,September 2020,39,Female,Black,21,Male,Native American,VICTIM WAS STRANGER
Race,ANTI-WHITE,,BIAS CRIME,Street/Highway/Road/Alley/Sidewalk,68120681154,Simple Assault,August 2020,46,Male,White,34,Female,White,RELATIONSHIP UNKNOWN
Race,ANTI-WHITE,,BIAS INCIDENT,Street/Highway/Road/Alley/Sidewalk,22522225314,,August 2022,,,,,,,
Race,ANTI-WHITE,,BIAS INCIDENT,Street/Highway/Road/Alley/Sidewalk,22222222807,Aggravated Assault,August 2022,17,Male,Black,24,Female,White,VICTIM WAS STRANGER
Race,ANTI-WHITE,,BIAS INCIDENT,Street/Highway/Road/Alley/Sidewalk,22222222807,Aggravated Assault,August 2022,17,Male,Black,40,Male,Black,VICTIM WAS STRANGER
Race,ANTI-WHITE,,BIAS INCIDENT,Street/Highway/Road/Alley/Sidewalk,22222222807,Aggravated Assault,August 2022,17,Male,White,24,Female,White,VICTIM WAS STRANGER
Race,ANTI-WHITE,,BIAS INCIDENT,Street/Highway/Road/Alley/Sidewalk,22222222807,Aggravated Assault,August 2022,17,Male,White,40,Male,Black,VICTIM WAS STRANGER
Religion,ANTI-CATHOLIC,VICTIM,BIAS CRIME,Church/Synagogue/ Temple/Mosque,24119241303,Vandalism,July 2019,,,,,,,RELATIONSHIP UNKNOWN
Religion,ANTI-CATHOLIC,VICTIM,BIAS CRIME,Church/Synagogue/ Temple/Mosque,34101734123,Vandalism,February 2017,,,,,,,
Religion,ANTI-CATHOLIC,VICTIM,BIAS CRIME,Church/Synagogue/Temple/Mosque,18522185268,Vandalism,July 2022,,,,,,,
Religion,ANTI-CATHOLIC,VICTIM,BIAS CRIME,Church/Synagogue/Temple/Mosque,18522185429,Vandalism,July 2022,28,Male,White,,,,
Religion,ANTI-CATHOLIC,VICTIM,BIAS CRIME,Church/Synagogue/Temple/Mosque,68022680518,Vandalism,May 2022,44,Male,Black,,,,
Religion,"ANTI-EASTERN ORTHODOX (RUSSIAN, GREEK, OTHER)",,BIAS CRIME,Street/Highway/Road/Alley/Sidewalk,17222172289,Vandalism,June 2022,51,Male,White,45,Female,White,VICTIM WAS NEIGHBOR
Religion,"ANTI-EASTERN ORTHODOX (RUSSIAN, GREEK, OTHER)",,BIAS CRIME,Street/Highway/Road/Alley/Sidewalk,17222172289,Vandalism,June 2022,51,Male,White,47,Male,White,VICTIM WAS NEIGHBOR
Religion,ANTI-ISLAM (MUSLIM),,BIAS CRIME,Residence /Home,34301934391,Hit & Run-Property,January 2019,30,Male,White,30,Female,White,VICTIM WAS NEIGHBOR
Religion,ANTI-ISLAM (MUSLIM),,BIAS CRIME,Street/Highway/ Road/Alley/ Sidewalk,31919319198,Aggravated Assault,September 2019,,Male,,22,Male,Asian,VICTIM WAS STRANGER
Religion,ANTI-ISLAM (MUSLIM),,BIAS CRIME,Street/Highway/ Road/Alley/ Sidewalk,16717167559,Intimidation,May 2017,30,Male,White,22,Female,Unknown,VICTIM WAS STRANGER
Religion,ANTI-ISLAM (MUSLIM),,BIAS CRIME,Street/Highway/ Road/Alley/ Sidewalk,16717167559,Intimidation,May 2017,30,Male,White,22,Male,Black,VICTIM WAS STRANGER
Religion,ANTI-ISLAM (MUSLIM),,BIAS CRIME,Street/Highway/ Road/Alley/ Sidewalk,38801738874,Intimidation,February 2017,30,Male,White,18,Female,Black,VICTIM WAS STRANGER
Religion,ANTI-ISLAM (MUSLIM),,BIAS CRIME,Street/Highway/ Road/Alley/ Sidewalk,22401622494,Vandalism,January 2016,,,,30,Male,White,RELATIONSHIP UNKNOWN
Religion,ANTI-ISLAM (MUSLIM),VICTIM,BIAS CRIME,Cyberspace,39519395230,Intimidation,November 2019,,,,,,,RELATIONSHIP UNKNOWN
Religion,ANTI-ISLAMIC (MUSLIM),,BIAS INCIDENT,Cyberspace,80122801433,Disorderly Conduct,April 2022,,,,,,,
Religion,ANTI-JEWISH,,BIAS CRIME,Other/Unknown,80122801232,Vandalism,April 2022,,,,42,Male,Latinx,
Religion,ANTI-JEWISH,,BIAS CRIME,Residence/Home,33620336673,Simple Assault,November 2020,,,,43,Male,White,
Religion,ANTI-JEWISH,,BIAS CRIME,Street/Highway/ Road/Alley/ Sidewalk,20116201864,Simple Assault,June 2016,50,Male,White,22,Male,White,VICTIM WAS STRANGER
Religion,ANTI-JEWISH,,BIAS CRIME,Street/Highway/Road/Alley/Sidewalk,19121191959,Vandalism,July 2021,,,,28,Female,White,
Religion,ANTI-JEWISH,,BIAS INCIDENT,Church/Synagogue/Temple/Mosque,19322193641,,July 2022,,,,,,,
Religion,ANTI-JEWISH,,BIAS INCIDENT,Church/Synagogue/Temple/Mosque,25420254342,,August 2020,,,,,,,
Religion,ANTI-JEWISH,,BIAS INCIDENT,Jail/Prison/Penitentiary/Corrections Facility,92520925784,,December 2020,,,,,,,
Religion,ANTI-JEWISH,,BIAS INCIDENT,Jail/Prison/Penitentiary/Corrections Facility,92620926328,,December 2020,,,,38,Female,White,
Religion,ANTI-JEWISH,,BIAS INCIDENT,Jail/Prison/Penitentiary/Corrections Facility,92620926330,,December 2020,,,,,,,
Religion,ANTI-JEWISH,,BIAS INCIDENT,Residence/Home,17202217202,Simple Assault,January 2022,31,Female,Black,46,Female,White,RELATIONSHIP UNKNOWN
Religion,ANTI-JEWISH,,BIAS INCIDENT,Street/Highway/Road/Alley/Sidewalk,58502258511,,March 2022,,,,,,,
Religion,ANTI-JEWISH,,BIAS INCIDENT,Street/Highway/Road/Alley/Sidewalk,68121681371,,September 2021,,,,,,,
Religion,ANTI-JEWISH,VICTIM,BIAS CRIME,Air/Bus/Train Terminal,82602282653,Vandalism,March 2022,,,,,,,
Religion,ANTI-JEWISH,VICTIM,BIAS CRIME,Church/Synagogue/ Temple/Mosque,23118231640,Vandalism,July 2018,,,,,,,RELATIONSHIP UNKNOWN
Religion,ANTI-JEWISH,VICTIM,BIAS CRIME,Church/Synagogue/ Temple/Mosque,25416254749,Vandalism,August 2016,,,,,,,
Religion,ANTI-JEWISH,VICTIM,BIAS CRIME,Church/Synagogue/ Temple/Mosque,35615356924,Vandalism,October 2015,,,,,,,
Religion,ANTI-JEWISH,VICTIM,BIAS CRIME,Church/Synagogue/ Temple/Mosque,90618906489,Vandalism,April 2018,,,,,,,RELATIONSHIP UNKNOWN
Religion,ANTI-JEWISH,VICTIM,BIAS CRIME,Church/Synagogue/Temple/Mosque,80021800437,Vandalism,February 2021,,,,,,,
Religion,ANTI-JEWISH,VICTIM,BIAS CRIME,Construction Site,28420284836,Vandalism,September 2020,,,,,,,
Religion,ANTI-JEWISH,VICTIM,BIAS CRIME,Cyberspace,39519395230,Intimidation,November 2019,,,,,,,RELATIONSHIP UNKNOWN
Religion,ANTI-JEWISH,VICTIM,BIAS CRIME,Park/Playground,11721117659,Vandalism,May 2021,43,Female,Latinx,,,,
Religion,ANTI-JEWISH,VICTIM,BIAS CRIME,Parking/Drop Lot/Garage,11322113648,Vandalism,April 2022,35,Male,White,,,,
Religion,ANTI-JEWISH,VICTIM,BIAS CRIME,Restaurant,86601986690,Vandalism,March 2019,,,,,,,
Religion,ANTI-JEWISH,VICTIM,BIAS CRIME,Restaurant,88801988853,Vandalism,March 2019,,,,,,,
Religion,ANTI-JEWISH,VICTIM,BIAS INCIDENT,Air/Bus/Train Terminal,80321803088,Vandalism,October 2021,,,,,,,
Religion,ANTI-JEWISH,VICTIM,BIAS INCIDENT,Restaurant,86320218638,Vandalism,January 2021,,,,,,,
Religion,ANTI-JEWISH,VICTIM,BIAS INCIDENT,School-Elementary/Secondary,68202268213,Vandalism,March 2022,,,,,,,
Religion,ANTI-MORMON,VICTIM,BIAS CRIME,Church/Synagogue/Temple/Mosque,18522185594,Vandalism,July 2022,,,,,,,
Religion,"ANTI-MULTIPLE RELIGIONS, GROUP",VICTIM,BIAS INCIDENT,Church/Synagogue/Temple/Mosque,23122231677,Vandalism,August 2022,,,,,,,
Religion,ANTI-OTHER CHRISTIAN,,BIAS CRIME,Street/Highway/Road/Alley/Sidewalk,80221802526,Aggravated Assault,September 2021,49,Male,Latinx,25,Male,Unknown,VICTIM WAS OTHERWISE KNOWN
Religion,ANTI-OTHER CHRISTIAN,,BIAS INCIDENT,Residence/Home,35221352778,Intimidation,December 2021,,,,52,Male,Black,
Religion,ANTI-OTHER CHRISTIAN,VICTIM,BIAS CRIME,Church/Synagogue/Temple/Mosque,17122171816,Vandalism,June 2022,48,Male,Latinx,,,,
Religion,ANTI-OTHER RELIGION,,BIAS CRIME,Church/Synagogue/ Temple/Mosque,80017800001,Intimidation,January 2017,,Male,,30,Male,White,RELATIONSHIP UNKNOWN
Religion,ANTI-OTHER RELIGION,,BIAS INCIDENT,Street/Highway/Road/Alley/Sidewalk,33520335810,Intimidation,November 2020,,,,33,Male,White,
Sexual Orientation,ANTI-GAY (MALE),,BIAS CRIME,Air/Bus/Train Terminal,13415134821,Simple Assault,April 2015,18,Male,Black,16,Male,Black,VICTIM WAS ACQUAINTANCE
Sexual Orientation,ANTI-GAY (MALE),,BIAS CRIME,Air/Bus/Train Terminal,21720217978,Simple Assault,July 2020,28,Female,White,21,Male,White,RELATIONSHIP UNKNOWN
Sexual Orientation,ANTI-GAY (MALE),,BIAS CRIME,Air/Bus/Train Terminal,44018440646,Simple Assault,December 2018,,Male,Black,22,Male,White,VICTIM WAS STRANGER
Sexual Orientation,ANTI-GAY (MALE),,BIAS CRIME,Bar/ Nightclub,41615416336,Simple Assault,December 2015,30,Male,White,50,Male,White,RELATIONSHIP UNKNOWN
Sexual Orientation,ANTI-GAY (MALE),,BIAS CRIME,Bar/ Nightclub,43615436049,Simple Assault,December 2015,,Male,,30,Male,Latinx,VICTIM WAS STRANGER
Sexual Orientation,ANTI-GAY (MALE),,BIAS CRIME,Department/Discount Store,27520275672,Intimidation,September 2020,101,Female,White,26,Male,Latinx,VICTIM WAS STRANGER
Sexual Orientation,ANTI-GAY (MALE),,BIAS CRIME,Other/Unknown,18920189287,Aggravated Assault,June 2020,60,Male,Black,58,Male,White,VICTIM WAS ACQUAINTANCE
Sexual Orientation,ANTI-GAY (MALE),,BIAS CRIME,Other/Unknown,18920189287,Aggravated Assault,June 2020,60,Male,Black,60,Female,White,VICTIM WAS ACQUAINTANCE
Sexual Orientation,ANTI-GAY (MALE),,BIAS CRIME,Other/Unknown,18920189287,Aggravated Assault,June 2020,60,Male,Black,61,Male,White,VICTIM WAS ACQUAINTANCE
Sexual Orientation,ANTI-GAY (MALE),,BIAS CRIME,Other/Unknown,33420334977,All Other Offenses,November 2020,,,,40,Male,White,
Sexual Orientation,ANTI-GAY (MALE),,BIAS CRIME,Other/Unknown,33420334786,Simple Assault,November 2020,,,,19,Male,Black,
Sexual Orientation,ANTI-GAY (MALE),,BIAS CRIME,Parking/Drop Lot/Garage,82402182461,Vandalism,March 2021,,,,23,Male,White,
Sexual Orientation,ANTI-GAY (MALE),,BIAS CRIME,Parking/Drop Lot/Garage,82502182517,Vandalism,March 2021,,,,23,Male,White,
Sexual Orientation,ANTI-GAY (MALE),,BIAS CRIME,Residence /Home,40818408225,Simple Assault,December 2018,50,Male,White,65,Male,White,VICTIM WAS ACQUAINTANCE
Sexual Orientation,ANTI-GAY (MALE),,BIAS CRIME,Residence /Home,90415904447,Vandalism,September 2015,,,,30,Male,White,RELATIONSHIP UNKNOWN
Sexual Orientation,ANTI-GAY (MALE),,BIAS CRIME,Residence/Home,14602114604,Aggravated Assault,January 2021,34,Male,White,40,Male,White,VICTIM WAS STRANGER
Sexual Orientation,ANTI-GAY (MALE),,BIAS CRIME,Residence/Home,14602114604,Aggravated Assault,January 2021,34,Male,White,75,Male,White,VICTIM WAS NEIGHBOR
Sexual Orientation,ANTI-GAY (MALE),,BIAS CRIME,Residence/Home,19822198858,Aggravated Assault,July 2022,44,Female,Black,46,Male,Latinx,RELATIONSHIP UNKNOWN
Sexual Orientation,ANTI-GAY (MALE),,BIAS CRIME,Residence/Home,19822198858,Aggravated Assault,July 2022,53,Male,Black,46,Male,Latinx,RELATIONSHIP UNKNOWN
Sexual Orientation,ANTI-GAY (MALE),,BIAS CRIME,Residence/Home,23321233465,Aggravated Assault,August 2021,32,Male,White,17,Male,White,VICTIM WAS STRANGER
Sexual Orientation,ANTI-GAY (MALE),,BIAS CRIME,Residence/Home,23321233465,Aggravated Assault,August 2021,32,Male,White,50,Male,White,VICTIM WAS NEIGHBOR
Sexual Orientation,ANTI-GAY (MALE),,BIAS CRIME,Residence/Home,19521195070,Burglary,July 2021,,,,35,Male,White,
Sexual Orientation,ANTI-GAY (MALE),,BIAS CRIME,Residence/Home,19821198611,Burglary,July 2021,27,Male,White,28,Male,White,
Sexual Orientation,ANTI-GAY (MALE),,BIAS CRIME,Residence/Home,19821198611,Burglary,July 2021,27,Male,White,42,Male,White,
Sexual Orientation,ANTI-GAY (MALE),,BIAS CRIME,Residence/Home,15322153998,Simple Assault,June 2022,62,Male,U,33,Male,White,VICTIM WAS ACQUAINTANCE
Sexual Orientation,ANTI-GAY (MALE),,BIAS CRIME,Residence/Home,16320163605,Simple Assault,May 2020,,,,28,Male,Unknown,VICTIM WAS OTHERWISE KNOWN
Sexual Orientation,ANTI-GAY (MALE),,BIAS CRIME,Residence/Home,23402123435,Vandalism,January 2021,,,,73,Female,White,
Sexual Orientation,ANTI-GAY (MALE),,BIAS CRIME,Restaurant,21521215560,Simple Assault,August 2021,41,Female,White,21,Male,Latinx,VICTIM WAS STRANGER
Sexual Orientation,ANTI-GAY (MALE),,BIAS CRIME,Specialty Store,23221232474,Aggravated Assault,August 2021,24,Male,Asian,22,Male,Black,VICTIM WAS STRANGER
Sexual Orientation,ANTI-GAY (MALE),,BIAS CRIME,Specialty Store,92222922186,All Other Offenses,August 2022,,,,35,Male,Black,
Sexual Orientation,ANTI-GAY (MALE),,BIAS CRIME,Specialty Store,92821928755,Intimidation,December 2021,,,,35,Male,Black,
Sexual Orientation,ANTI-GAY (MALE),,BIAS CRIME,Specialty Store,31721317855,Vandalism,November 2021,44,Male,Asian,31,Male,White,VICTIM WAS ACQUAINTANCE
Sexual Orientation,ANTI-GAY (MALE),,BIAS CRIME,Street/Highway/ Road/Alley/ Sidewalk,17117171908,Aggravated Assault,June 2017,30,Male,White,30,Male,White,VICTIM WAS STRANGER
Sexual Orientation,ANTI-GAY (MALE),,BIAS CRIME,Street/Highway/ Road/Alley/ Sidewalk,35917359521,Aggravated Assault,October 2017,30,Male,Black,30,Male,White,VICTIM WAS STRANGER
Sexual Orientation,ANTI-GAY (MALE),,BIAS CRIME,Street/Highway/ Road/Alley/ Sidewalk,42918429030,Disorderly Conduct,December 2018,15,Male,Black,30,Male,White,VICTIM WAS STRANGER
Sexual Orientation,ANTI-GAY (MALE),,BIAS CRIME,Street/Highway/ Road/Alley/ Sidewalk,16715167582,Simple Assault,May 2015,50,Male,White,22,Male,White,VICTIM WAS STRANGER
Sexual Orientation,ANTI-GAY (MALE),,BIAS CRIME,Street/Highway/ Road/Alley/ Sidewalk,17615176107,Simple Assault,May 2015,30,Male,White,30,Male,White,VICTIM WAS STRANGER
Sexual Orientation,ANTI-GAY (MALE),,BIAS CRIME,Street/Highway/ Road/Alley/ Sidewalk,26902026964,Simple Assault,January 2020,15,Male,White,50,Male,White,VICTIM WAS STRANGER
Sexual Orientation,ANTI-GAY (MALE),,BIAS CRIME,Street/Highway/ Road/Alley/ Sidewalk,27219272526,Simple Assault,August 2019,50,Male,White,18,Male,Latinx,VICTIM WAS STRANGER
Sexual Orientation,ANTI-GAY (MALE),,BIAS CRIME,Street/Highway/ Road/Alley/ Sidewalk,27219272526,Simple Assault,August 2019,50,Male,White,22,Male,Latinx,VICTIM WAS STRANGER
Sexual Orientation,ANTI-GAY (MALE),,BIAS CRIME,Street/Highway/ Road/Alley/ Sidewalk,30119301186,Simple Assault,September 2019,50,Male,White,22,Male,White,VICTIM WAS STRANGER
Sexual Orientation,ANTI-GAY (MALE),,BIAS CRIME,Street/Highway/ Road/Alley/ Sidewalk,36018360687,Simple Assault,October 2018,30,Male,Black,22,Female,Black,VICTIM WAS STRANGER
Sexual Orientation,ANTI-GAY (MALE),,BIAS CRIME,Street/Highway/Road/Alley/Sidewalk,23922239468,,September 2022,,,,25,Male,White,VICTIM WAS EX-BOYFRIEND/EX-GIRLFRIEND
Sexual Orientation,ANTI-GAY (MALE),,BIAS CRIME,Street/Highway/Road/Alley/Sidewalk,16321163711,Aggravated Assault,June 2021,42,Male,White,22,Male,White,VICTIM WAS STRANGER
Sexual Orientation,ANTI-GAY (MALE),,BIAS CRIME,Street/Highway/Road/Alley/Sidewalk,16321163711,Aggravated Assault,June 2021,42,Male,White,23,Male,White,VICTIM WAS STRANGER
Sexual Orientation,ANTI-GAY (MALE),,BIAS CRIME,Street/Highway/Road/Alley/Sidewalk,22722227680,Aggravated Assault,August 2022,95,Male,White,29,Male,White,VICTIM WAS STRANGER
Sexual Orientation,ANTI-GAY (MALE),,BIAS CRIME,Street/Highway/Road/Alley/Sidewalk,22722227680,Aggravated Assault,August 2022,95,Male,White,38,Male,White,VICTIM WAS STRANGER
Sexual Orientation,ANTI-GAY (MALE),,BIAS CRIME,Street/Highway/Road/Alley/Sidewalk,23121231562,Aggravated Assault,August 2021,63,Male,White,33,Female,White,RELATIONSHIP UNKNOWN
Sexual Orientation,ANTI-GAY (MALE),,BIAS CRIME,Street/Highway/Road/Alley/Sidewalk,38420384608,Aggravated Assault,December 2020,42,Male,Asian,32,Male,White,VICTIM WAS STRANGER
Sexual Orientation,ANTI-GAY (MALE),,BIAS CRIME,Street/Highway/Road/Alley/Sidewalk,27120271569,Intimidation,September 2020,29,Female,White,17,Male,Latinx,VICTIM WAS ACQUAINTANCE
Sexual Orientation,ANTI-GAY (MALE),,BIAS CRIME,Street/Highway/Road/Alley/Sidewalk,27120271569,Intimidation,September 2020,43,Male,White,17,Male,Latinx,VICTIM WAS ACQUAINTANCE
Sexual Orientation,ANTI-GAY (MALE),,BIAS CRIME,Street/Highway/Road/Alley/Sidewalk,27120271569,Intimidation,September 2020,62,Female,White,17,Male,Latinx,VICTIM WAS ACQUAINTANCE
Sexual Orientation,ANTI-GAY (MALE),,BIAS CRIME,Street/Highway/Road/Alley/Sidewalk,11322113143,Robbery,April 2022,29,Male,White,55,Male,White,RELATIONSHIP UNKNOWN
Sexual Orientation,ANTI-GAY (MALE),,BIAS CRIME,Street/Highway/Road/Alley/Sidewalk,11822118775,Simple Assault,May 2022,41,Female,White,23,Male,White,VICTIM WAS STRANGER
Sexual Orientation,ANTI-GAY (MALE),,BIAS CRIME,Street/Highway/Road/Alley/Sidewalk,17621176268,Simple Assault,June 2021,38,Female,White,66,Male,White,VICTIM WAS STRANGER
Sexual Orientation,ANTI-GAY (MALE),,BIAS INCIDENT,Amusement Park/Movie Theaters,25622256579,Simple Assault,September 2022,52,Male,White,40,Male,White,VICTIM WAS STRANGER
Sexual Orientation,ANTI-GAY (MALE),,BIAS INCIDENT,Parking/Drop Lot/Garage,20922209604,,August 2022,44,Female,White,39,Male,White,
Sexual Orientation,ANTI-GAY (MALE),,BIAS INCIDENT,Parking/Drop Lot/Garage,20922209604,,August 2022,58,Male,Black,39,Male,White,
Sexual Orientation,ANTI-GAY (MALE),,BIAS INCIDENT,Parking/Drop Lot/Garage,27421274172,,October 2021,,,,,,,
Sexual Orientation,ANTI-GAY (MALE),,BIAS INCIDENT,Residence/Home,10922109415,,April 2022,,,,38,Male,White,
Sexual Orientation,ANTI-GAY (MALE),,BIAS INCIDENT,Residence/Home,11602111614,,January 2021,,,,,,,
Sexual Orientation,ANTI-GAY (MALE),,BIAS INCIDENT,Residence/Home,15802215822,,January 2022,,,,,,,
Sexual Orientation,ANTI-GAY (MALE),,BIAS INCIDENT,Residence/Home,78002278092,,March 2022,,,,,,,
Sexual Orientation,ANTI-GAY (MALE),,BIAS INCIDENT,Residence/Home,31520315350,Aggravated Assault,October 2020,40,Male,Black,34,Male,Black,VICTIM WAS CHILD OF BOYFRIEND/GIRLFRIEND
Sexual Orientation,ANTI-GAY (MALE),,BIAS INCIDENT,Residence/Home,31520315350,Aggravated Assault,October 2020,40,Male,Black,58,Female,Asian,VICTIM WAS BOYFRIEND/GIRLFRIEND
Sexual Orientation,ANTI-GAY (MALE),,BIAS INCIDENT,Residence/Home,30220302457,Simple Assault,October 2020,25,Female,Black,23,Male,Latinx,VICTIM WAS NEIGHBOR
Sexual Orientation,ANTI-GAY (MALE),,BIAS INCIDENT,Residence/Home,86002186030,Vandalism,March 2021,31,Female,Black,41,Male,White,VICTIM WAS STRANGER
Sexual Orientation,ANTI-GAY (MALE),,BIAS INCIDENT,Street/Highway/Road/Alley/Sidewalk,14421144230,,May 2021,54,Male,Latinx,,,,
Sexual Orientation,ANTI-GAY (MALE),,BIAS INCIDENT,Street/Highway/Road/Alley/Sidewalk,41302241304,,February 2022,34,Female,Black,21,Male,White,
Sexual Orientation,ANTI-GAY (MALE),,BIAS INCIDENT,Street/Highway/Road/Alley/Sidewalk,15121151781,Aggravated Assault,June 2021,43,Male,White,25,Male,White,RELATIONSHIP UNKNOWN
Sexual Orientation,ANTI-GAY (MALE),,BIAS INCIDENT,Street/Highway/Road/Alley/Sidewalk,23122231986,Disorderly Conduct,August 2022,,,,,,,
Sexual Orientation,ANTI-GAY (MALE),,BIAS INCIDENT,Street/Highway/Road/Alley/Sidewalk,23222232762,Disorderly Conduct,August 2022,40,Female,Black,55,Male,White,RELATIONSHIP UNKNOWN
Sexual Orientation,ANTI-GAY (MALE),VICTIM,BIAS CRIME,Bar/ Nightclub,26301526399,Larceny,April 2015,30,Male,White,30,Male,White,
Sexual Orientation,ANTI-GAY (MALE),VICTIM,BIAS CRIME,Bar/Nightclub,19220192892,All Other Larceny,June 2020,16,Male,U,,,,
Sexual Orientation,ANTI-GAY (MALE),VICTIM,BIAS CRIME,Bar/Nightclub,19220192892,All Other Larceny,June 2020,18,Male,White,,,,
Sexual Orientation,ANTI-GAY (MALE),VICTIM,BIAS CRIME,Other/Unknown,68022680513,Vandalism,April 2022,38,Male,White,,,,
Sexual Orientation,ANTI-GAY (MALE),VICTIM,BIAS CRIME,Restaurant,23322233472,Aggravated Assault,August 2022,,,,50,Male,White,
Sexual Orientation,ANTI-LESBIAN (FEMALE),,BIAS CRIME,Residence /Home,39619396096,Vandalism,November 2019,,,,30,Female,Black,RELATIONSHIP UNKNOWN
Sexual Orientation,ANTI-LESBIAN (FEMALE),,BIAS CRIME,Street/Highway/Road/Alley/Sidewalk,22521225531,Disorderly Conduct,August 2021,62,Female,White,57,Female,White,VICTIM WAS NEIGHBOR
Sexual Orientation,ANTI-LESBIAN (FEMALE),,BIAS CRIME,Street/Highway/Road/Alley/Sidewalk,22521225531,Disorderly Conduct,August 2021,62,Female,White,59,Female,White,VICTIM WAS NEIGHBOR
Sexual Orientation,ANTI-LESBIAN (FEMALE),,BIAS INCIDENT,Convenience Store,84202284233,,March 2022,34,Male,White,20,Female,White,VICTIM WAS STRANGER
Sexual Orientation,ANTI-LESBIAN (FEMALE),,BIAS INCIDENT,Residence/Home,82002282040,Aggravated Assault,March 2022,36,Male,White,22,Female,Black,VICTIM WAS STRANGER
Sexual Orientation,ANTI-LESBIAN (FEMALE),,BIAS INCIDENT,School-Elementary/Secondary,35502235527,Simple Assault,February 2022,,,,14,Female,Black,
Sexual Orientation,"ANTI-LESBIAN, GAY, BISEXUAL, OR TRANSGENDER (MIXED GROUP)",,BIAS CRIME,Field/Woods,24618246767,Aggravated Assault,July 2018,30,Male,Asian,30,Male,White,VICTIM WAS STRANGER
Sexual Orientation,"ANTI-LESBIAN, GAY, BISEXUAL, OR TRANSGENDER (MIXED GROUP)",,BIAS CRIME,Field/Woods,36018360385,Aggravated Assault,October 2018,,,,30,Female,Latinx,VICTIM WAS STRANGER
Sexual Orientation,"ANTI-LESBIAN, GAY, BISEXUAL, OR TRANSGENDER (MIXED GROUP)",,BIAS CRIME,Residence /Home,27418274497,Intimidation,August 2018,30,Male,White,30,Male,White,VICTIM WAS NEIGHBOR
Sexual Orientation,"ANTI-LESBIAN, GAY, BISEXUAL, OR TRANSGENDER (MIXED GROUP)",,BIAS CRIME,Street/Highway/ Road/Alley/ Sidewalk,19419194871,Simple Assault,June 2019,30,Male,Black,30,Male,White,VICTIM WAS STRANGER
Sexual Orientation,"ANTI-LESBIAN, GAY, BISEXUAL, OR TRANSGENDER (MIXED GROUP)",,BIAS CRIME,Street/Highway/ Road/Alley/ Sidewalk,20218202972,Simple Assault,June 2018,22,Male,White,22,Male,White,VICTIM WAS STRANGER
Sexual Orientation,"ANTI-LESBIAN, GAY, BISEXUAL, or TRANSGENDER (MIXED GROUP)",,BIAS CRIME,Residence/Home,89802189803,Intimidation,January 2021,71,Male,White,37,Male,White,VICTIM WAS ACQUAINTANCE
Sexual Orientation,"ANTI-LESBIAN, GAY, BISEXUAL, or TRANSGENDER (MIXED GROUP)",,BIAS CRIME,Street/Highway/Road/Alley/Sidewalk,36620366500,Intimidation,December 2020,,,,47,Female,Black,VICTIM WAS STRANGER
Sexual Orientation,"ANTI-LESBIAN, GAY, BISEXUAL, or TRANSGENDER (MIXED GROUP)",,BIAS CRIME,Street/Highway/Road/Alley/Sidewalk,54222021542,Robbery,January 2021,43,Male,White,19,Male,White,VICTIM WAS OTHERWISE KNOWN
Sexual Orientation,"ANTI-LESBIAN, GAY, BISEXUAL, or TRANSGENDER (MIXED GROUP)",,BIAS CRIME,Street/Highway/Road/Alley/Sidewalk,54222021542,Robbery,January 2021,43,Male,White,49,Male,White,VICTIM WAS STRANGER
Sexual Orientation,"ANTI-LESBIAN, GAY, BISEXUAL, or TRANSGENDER (MIXED GROUP)",,BIAS CRIME,Street/Highway/Road/Alley/Sidewalk,23622236935,Simple Assault,September 2022,24,Male,Black,27,Female,White,VICTIM WAS STRANGER
Sexual Orientation,"ANTI-LESBIAN, GAY, BISEXUAL, or TRANSGENDER (MIXED GROUP)",,BIAS CRIME,Street/Highway/Road/Alley/Sidewalk,30921309846,Simple Assault,November 2021,48,Male,White,23,Female,White,VICTIM WAS STRANGER
Sexual Orientation,"ANTI-LESBIAN, GAY, BISEXUAL, or TRANSGENDER (MIXED GROUP)",,BIAS CRIME,Street/Highway/Road/Alley/Sidewalk,37820378729,Simple Assault,December 2020,,,,23,Female,Unknown,
Sexual Orientation,"ANTI-LESBIAN, GAY, BISEXUAL, or TRANSGENDER (MIXED GROUP)",,BIAS CRIME,Street/Highway/Road/Alley/Sidewalk,37820378729,Simple Assault,December 2020,,,,24,Female,White,
Sexual Orientation,"ANTI-LESBIAN, GAY, BISEXUAL, or TRANSGENDER (MIXED GROUP)",,BIAS INCIDENT,Street/Highway/Road/Alley/Sidewalk,24721247476,Aggravated Assault,September 2021,38,Male,White,35,Male,White,VICTIM WAS STRANGER
Sexual Orientation,"ANTI-LESBIAN, GAY, BISEXUAL, or TRANSGENDER (MIXED GROUP)",VICTIM,BIAS CRIME,Church/Synagogue/Temple/Mosque,14420144240,Vandalism,May 2020,,,,,,,
Sexual Orientation,"ANTI-LESBIAN, GAY, BISEXUAL, or TRANSGENDER (MIXED GROUP)",VICTIM,BIAS CRIME,Church/Synagogue/Temple/Mosque,14720147910,Vandalism,May 2020,,,,,,,
